1,2019,1,1,0,38.28,117.8,3.89,0,2,3,0.53,0
2,2019,1,1,0,38.28,117.82,3.89,0,2,3,0.54,0
3,2019,1,1,0,36.9,117.74,3.96,0,2,1,0.67,0
4,2019,1,1,0,36.9,117.76,3.96,0,2,1,0.76,0
5,2019,1,1,0,36.9,117.78,3.96,0,2,1,0.76,0
6,2019,1,1,0,36.82,118.02,3.97,0,2,3,0.54,0
7,2019,1,1,0,36.82,118.04,3.97,0,2,3,0.54,0
8,2019,1,1,0,35.62,110.56,4.03,0,2,1,1.33,0
9,2019,1,1,0,35.62,110.58,4.03,0,2,1,1.33,0
10,2019,1,1,0,34.44,119.82,4.09,0,3,1,1.08,0
11,2019,1,1,0,34.44,119.84,4.09,0,3,1,1.08,0
12,2019,1,1,0,34.42,119.84,4.09,0,2,1,3.5,0
13,2019,1,1,0,34.4,119.84,4.09,0,2,1,3.5,0
14,2019,1,1,0,31.38,112.78,4.23,0,2,5,1.48,0
15,2019,1,1,0,26.58,100.64,4.43,0,1,3,5.07,0
16,2019,1,1,0,26.58,100.66,4.43,0,1,3,5.07,0
17,2019,1,1,0,26.58,101.64,4.43,0,1,1,5.41,0
18,2019,1,1,0,24.34,85.44,4.52,0,1,3,3.56,0
19,2019,1,1,0,24.34,85.46,4.52,0,1,3,3.56,0
20,2019,1,1,0,24.12,87.26,4.52,0,2,1,1.3,0
21,2019,1,1,0,23.96,85.7,4.53,0,1,3,3.94,0
22,2019,1,1,0,23.78,86.34,4.54,0,2,1,5.03,0
23,2019,1,1,0,23.78,86.36,4.54,0,2,1,5.03,0
24,2019,1,1,0,23.78,86.38,4.54,0,2,1,5.03,0
25,2019,1,1,0,22.98,86.66,4.56,0,2,3,2.99,0
26,2019,1,1,0,22.98,86.68,4.56,0,2,3,2.99,0
27,2019,1,1,0,22.14,99.66,4.59,0,1,1,4.22,0
28,2019,1,1,0,22.12,99.64,4.59,0,2,1,1.61,0
29,2019,1,1,6,20.96,85.12,4.63,0,2,1,2.28,0
30,2019,1,1,6,20.96,85.14,4.63,0,2,1,2.28,0
31,2019,1,1,6,20.96,85.16,4.63,0,2,1,2.16,0
32,2019,1,1,6,20.96,85.18,4.63,0,2,1,4.78,0
33,2019,1,1,6,20.96,85.2,4.63,0,2,1,4.8,0
34,2019,1,1,6,19.88,97.02,4.66,0,1,1,5.26,0
35,2019,1,1,6,19.68,95.92,4.67,0,1,3,5.54,0
36,2019,1,1,6,19.68,95.94,4.67,0,1,3,5.54,0
37,2019,1,1,6,18.96,95.58,4.69,0,1,3,9.04,0
38,2019,1,1,6,18.96,95.6,4.69,0,1,3,9.04,0
39,2019,1,1,6,18.94,95.6,4.69,0,1,3,9.04,0
40,2019,1,1,6,18.14,96.24,4.71,0,1,1,10.86,0
41,2019,1,1,6,18.14,96.26,4.71,0,1,1,10.86,0
42,2019,1,1,6,18.12,96.28,4.71,0,1,1,6.44,0
43,2019,1,1,6,17.86,96.42,4.72,0,1,3,5.92,0
44,2019,1,1,6,17.86,96.44,4.72,0,1,3,5.92,0
45,2019,1,1,6,14.86,99.64,4.79,0,1,3,6.46,0
46,2019,1,1,6,14.84,99.64,4.79,0,2,3,4.19,0
47,2019,1,1,6,12.9,99.58,4.83,0,1,1,6.78,0
48,2019,1,1,6,1.5,127.62,4.95,1,2,1,8.53,0
49,2019,1,1,6,-16.84,130.54,4.74,0,2,1,7.87,0
50,2019,1,1,6,-16.84,130.56,4.74,0,3,3,7.24,0
51,2019,1,1,6,-16.84,130.58,4.74,0,3,3,6.42,0
52,2019,1,1,6,-16.86,130.56,4.74,0,2,3,7.01,0
53,2019,1,1,6,-16.86,130.58,4.74,0,3,3,7.06,0
54,2019,1,1,6,-17.22,132.9,4.73,0,2,1,6.53,0
55,2019,1,1,6,-17.22,132.92,4.73,0,2,1,5.82,0
56,2019,1,1,6,-18.4,142.46,4.7,0,1,3,16.38,0
57,2019,1,1,6,-18.9,143.4,4.69,0,2,1,6.34,0
58,2019,1,1,6,-18.9,143.42,4.69,0,2,3,6.81,0
59,2019,1,1,6,-18.98,141.42,4.69,0,2,3,5.6,0
60,2019,1,1,6,-18.98,141.72,4.69,0,3,1,2.21,0
61,2019,1,1,6,-19.22,143.78,4.68,0,2,5,12.09,0
62,2019,1,1,6,-19.22,143.8,4.68,0,2,5,14.18,0
63,2019,1,1,6,-19.24,143.78,4.68,0,2,5,11.14,0
64,2019,1,1,6,-19.24,143.8,4.68,0,2,3,10.04,0
65,2019,1,1,6,-19.3,142.14,4.68,0,2,3,7.5,0
66,2019,1,1,6,-19.3,142.16,4.68,0,2,5,27.96,0
67,2019,1,1,6,-19.4,143.6,4.68,0,2,3,9.88,0
68,2019,1,1,6,-19.58,143.46,4.67,0,2,3,5.5,0
69,2019,1,1,6,-21.2,131.74,4.62,0,3,1,2.85,0
70,2019,1,1,6,-21.22,120.22,4.62,0,1,1,8.23,0
71,2019,1,1,6,-21.22,131.74,4.62,0,3,1,2.88,0
72,2019,1,1,6,-21.36,131.82,4.62,0,2,1,6.12,0
73,2019,1,1,6,-21.6,119.26,4.61,0,2,1,3.75,0
74,2019,1,1,6,-21.7,115.0,4.61,0,3,1,3.63,0
75,2019,1,1,6,-21.76,128.98,4.6,0,3,5,13.99,0
76,2019,1,1,6,-21.78,125.62,4.6,0,2,3,9.16,0
77,2019,1,1,6,-21.78,128.98,4.6,0,2,5,71.82,0
78,2019,1,1,6,-21.78,129.0,4.6,0,2,5,26.99,0
79,2019,1,1,6,-21.8,125.62,4.6,0,2,5,25.35,0
80,2019,1,1,6,-21.8,128.96,4.6,0,2,5,70.13,0
81,2019,1,1,6,-22.04,134.34,4.59,0,3,3,3.17,0
82,2019,1,1,6,-22.04,134.36,4.59,0,3,1,3.32,0
83,2019,1,1,6,-22.06,134.34,4.59,0,3,3,3.17,0
84,2019,1,1,6,-22.06,134.38,4.59,0,3,3,3.15,0
85,2019,1,1,6,-22.08,134.38,4.59,0,3,3,3.15,0
86,2019,1,1,6,-22.08,134.44,4.59,0,3,3,3.35,0
87,2019,1,1,6,-22.08,134.46,4.59,0,3,3,3.69,0
88,2019,1,1,6,-22.08,134.92,4.59,0,3,1,2.8,0
89,2019,1,1,6,-22.1,134.46,4.59,0,3,1,4.73,0
90,2019,1,1,6,-22.1,134.48,4.59,0,3,1,4.55,0
91,2019,1,1,6,-22.12,134.46,4.59,0,3,1,4.73,0
92,2019,1,1,6,-22.12,134.48,4.59,0,3,1,4.55,0
93,2019,1,1,6,-22.12,134.5,4.59,0,3,3,3.5,0
94,2019,1,1,6,-22.14,134.5,4.59,0,3,3,3.5,0
95,2019,1,1,6,-22.48,132.0,4.58,0,3,1,3.09,0
96,2019,1,1,6,-22.5,117.28,4.58,0,3,1,1.82,0
97,2019,1,1,6,-23.26,130.06,4.55,0,2,3,6.86,0
98,2019,1,1,6,-23.28,130.06,4.55,0,2,5,18.34,0
99,2019,1,1,6,-23.34,129.96,4.55,0,3,3,6.53,0
100,2019,1,1,6,-23.34,129.98,4.55,0,2,5,45.81,0
101,2019,1,1,6,-23.36,129.98,4.55,0,3,3,5.68,0
102,2019,1,1,6,-23.62,126.5,4.54,0,3,3,4.36,0
103,2019,1,1,6,-23.62,126.52,4.54,0,3,1,3.14,0
104,2019,1,1,6,-23.72,129.8,4.54,0,2,5,17.41,0
105,2019,1,1,6,-23.72,129.82,4.54,0,2,3,8.38,0
106,2019,1,1,6,-23.74,129.8,4.54,0,2,5,32.9,0
107,2019,1,1,6,-23.74,129.82,4.54,0,2,5,16.96,0
108,2019,1,1,6,-23.76,129.8,4.54,0,2,3,8.83,0
109,2019,1,1,6,-24.02,130.64,4.53,0,2,3,6.68,0
110,2019,1,1,6,-24.02,130.66,4.53,0,2,5,21.3,0
111,2019,1,1,6,-24.02,130.68,4.53,0,2,5,13.96,0
112,2019,1,1,6,-24.04,130.5,4.53,0,3,3,4.59,0
113,2019,1,1,6,-24.04,130.52,4.53,0,2,3,4.82,0
114,2019,1,1,6,-24.04,130.66,4.53,0,2,5,18.45,0
115,2019,1,1,6,-24.04,130.68,4.53,0,2,5,18.45,0
116,2019,1,1,6,-24.04,130.7,4.53,0,2,5,25.13,0
117,2019,1,1,6,-24.04,130.72,4.53,0,2,3,15.96,0
118,2019,1,1,6,-24.06,130.5,4.53,0,2,5,36.6,0
119,2019,1,1,6,-24.06,130.52,4.53,0,2,5,79.31,0
120,2019,1,1,6,-24.06,130.54,4.53,0,2,5,31.58,0
121,2019,1,1,6,-24.06,130.68,4.53,0,2,5,47.32,0
122,2019,1,1,6,-24.06,130.7,4.53,0,2,5,35.72,0
123,2019,1,1,6,-24.06,130.72,4.53,0,2,5,7.28,0
124,2019,1,1,6,-24.06,131.66,4.53,0,3,3,2.56,0
125,2019,1,1,6,-24.08,130.46,4.53,0,3,3,3.76,0
126,2019,1,1,6,-24.08,130.48,4.53,0,2,5,44.15,0
127,2019,1,1,6,-24.08,130.5,4.53,0,2,5,101.59,0
128,2019,1,1,6,-24.08,130.52,4.53,0,1,5,257.99,0
129,2019,1,1,6,-24.08,130.68,4.53,0,2,5,35.62,0
130,2019,1,1,6,-24.08,130.7,4.53,0,2,5,33.36,0
131,2019,1,1,6,-24.08,130.72,4.53,0,2,5,9.87,0
132,2019,1,1,6,-24.08,130.74,4.53,0,3,3,3.52,0
133,2019,1,1,6,-24.1,120.5,4.52,0,3,1,3.27,0
134,2019,1,1,6,-24.1,130.48,4.52,0,2,5,39.62,0
135,2019,1,1,6,-24.1,130.5,4.52,0,2,5,62.84,0
136,2019,1,1,6,-24.1,130.52,4.52,0,2,5,29.43,0
137,2019,1,1,6,-24.1,130.54,4.52,0,2,5,28.89,0
138,2019,1,1,6,-24.1,130.7,4.52,0,3,3,3.48,0
139,2019,1,1,6,-24.1,130.72,4.52,0,2,5,14.57,0
140,2019,1,1,6,-24.1,130.74,4.52,0,2,5,16.64,0
141,2019,1,1,6,-24.1,130.76,4.52,0,2,5,6.15,0
142,2019,1,1,6,-24.1,130.78,4.52,0,2,1,2.05,0
143,2019,1,1,6,-24.12,130.4,4.52,0,3,1,3.01,0
144,2019,1,1,6,-24.12,130.52,4.52,0,2,5,5.89,0
145,2019,1,1,6,-24.12,130.54,4.52,0,2,5,17.77,0
146,2019,1,1,6,-24.12,130.56,4.52,0,2,5,28.78,0
147,2019,1,1,6,-24.12,130.62,4.52,0,2,5,9.02,0
148,2019,1,1,6,-24.26,130.86,4.52,0,3,1,0.59,0
149,2019,1,1,6,-24.28,130.86,4.52,0,3,1,1.43,0
150,2019,1,1,6,-24.4,148.2,4.51,0,2,5,47.57,0
151,2019,1,1,6,-24.4,148.22,4.51,0,2,3,19.04,0
152,2019,1,1,6,-24.42,130.36,4.51,0,3,3,3.31,0
153,2019,1,1,6,-24.42,148.2,4.51,0,2,5,91.26,0
154,2019,1,1,6,-24.42,148.22,4.51,0,2,5,157.23,0
155,2019,1,1,6,-24.44,130.36,4.51,0,3,1,2.36,0
156,2019,1,1,6,-24.44,148.2,4.51,0,2,5,41.58,0
157,2019,1,1,6,-24.44,148.22,4.51,0,2,5,91.25,0
158,2019,1,1,6,-24.46,148.28,4.51,0,2,5,29.05,0
159,2019,1,1,6,-24.48,148.26,4.51,0,2,5,25.91,0
160,2019,1,1,6,-24.48,148.28,4.51,0,2,5,137.92,0
161,2019,1,1,6,-24.5,148.24,4.51,0,2,5,60.6,0
162,2019,1,1,6,-24.5,148.26,4.51,0,2,5,68.63,0
163,2019,1,1,6,-24.5,148.28,4.51,0,2,5,91.74,0
164,2019,1,1,6,-24.5,148.3,4.51,0,2,3,16.93,0
165,2019,1,1,6,-24.52,148.26,4.51,0,2,5,32.89,0
166,2019,1,1,6,-24.52,148.28,4.51,0,2,5,35.66,0
167,2019,1,1,6,-24.52,148.3,4.51,0,2,3,20.68,0
168,2019,1,1,6,-24.54,148.28,4.51,0,2,1,14.53,0
169,2019,1,1,6,-24.64,126.78,4.51,0,2,3,3.26,0
170,2019,1,1,6,-24.64,126.8,4.51,0,3,3,2.11,0
171,2019,1,1,6,-24.68,126.84,4.5,0,2,1,4.57,0
172,2019,1,1,6,-24.68,148.12,4.5,0,2,1,8.78,0
173,2019,1,1,6,-24.9,126.96,4.5,0,2,3,5.41,0
174,2019,1,1,6,-24.9,126.98,4.5,0,3,3,2.52,0
175,2019,1,1,6,-24.9,127.0,4.5,0,3,3,2.52,0
176,2019,1,1,6,-24.92,126.92,4.5,0,3,5,16.37,0
177,2019,1,1,6,-24.92,126.94,4.5,0,2,5,78.99,0
178,2019,1,1,6,-24.92,126.96,4.5,0,2,5,107.69,0
179,2019,1,1,6,-24.92,126.98,4.5,0,2,5,20.69,0
180,2019,1,1,6,-24.94,126.92,4.49,0,2,5,147.0,0
181,2019,1,1,6,-24.94,126.94,4.49,0,2,5,279.92,0
182,2019,1,1,6,-24.94,126.96,4.49,0,2,5,49.66,0
183,2019,1,1,6,-24.96,126.64,4.49,0,2,5,22.02,0
184,2019,1,1,6,-24.96,126.66,4.49,0,2,5,26.41,0
185,2019,1,1,6,-24.96,126.92,4.49,0,2,5,23.14,0
186,2019,1,1,6,-24.96,126.94,4.49,0,2,5,15.81,0
187,2019,1,1,6,-24.98,126.64,4.49,0,2,5,28.0,0
188,2019,1,1,6,-24.98,126.66,4.49,0,2,5,30.49,0
189,2019,1,1,6,-24.98,126.7,4.49,0,2,3,8.69,0
190,2019,1,1,6,-24.98,126.98,4.49,0,3,3,2.47,0
191,2019,1,1,6,-25.12,147.64,4.49,0,2,3,13.51,0
192,2019,1,1,6,-25.14,147.64,4.49,0,2,1,11.71,0
193,2019,1,1,6,-25.46,151.5,4.48,0,2,3,16.72,0
194,2019,1,1,6,-25.66,128.66,4.47,0,2,3,3.25,0
195,2019,1,1,6,-25.92,130.1,4.46,0,3,3,2.32,0
196,2019,1,1,6,-25.96,130.06,4.46,0,3,3,4.39,2
197,2019,1,1,6,-25.98,130.06,4.46,0,3,1,2.4,0
198,2019,1,1,6,-26.02,130.22,4.45,0,3,3,3.17,0
199,2019,1,1,6,-26.06,129.82,4.45,0,3,3,4.37,0
200,2019,1,1,6,-26.06,131.16,4.45,0,2,3,3.12,0
201,2019,1,1,6,-26.08,131.16,4.45,0,2,3,4.9,0
202,2019,1,1,6,-26.1,131.12,4.45,0,2,3,6.5,0
203,2019,1,1,6,-26.1,131.14,4.45,0,2,3,3.42,0
204,2019,1,1,6,-26.12,131.12,4.45,0,2,3,5.59,0
205,2019,1,1,6,-26.12,131.14,4.45,0,3,3,1.99,0
206,2019,1,1,6,-26.14,131.12,4.45,0,2,3,5.01,0
207,2019,1,1,6,-26.18,131.1,4.45,0,2,3,4.86,0
208,2019,1,1,6,-26.28,131.62,4.44,0,2,1,3.68,0
209,2019,1,1,6,-26.3,130.32,4.44,0,2,3,3.42,0
210,2019,1,1,6,-26.38,117.84,4.44,0,2,3,1.73,0
211,2019,1,1,6,-26.62,119.38,4.43,0,3,1,3.71,2
212,2019,1,1,6,-27.48,122.84,4.4,0,2,3,12.09,0
213,2019,1,1,6,-27.5,122.84,4.4,0,2,5,29.45,0
214,2019,1,1,6,-27.68,127.8,4.39,0,3,1,3.42,0
215,2019,1,1,6,-28.32,118.58,4.36,0,3,3,1.99,0
216,2019,1,1,6,-28.34,118.56,4.36,0,2,3,2.81,0
217,2019,1,1,6,-28.34,118.58,4.36,0,2,3,2.81,0
218,2019,1,1,6,-28.58,121.76,4.35,0,3,1,1.95,0
219,2019,1,1,6,-28.7,120.86,4.35,0,3,3,2.07,0
220,2019,1,1,6,-29.42,117.28,4.32,0,3,3,2.11,0
221,2019,1,1,6,-29.42,129.58,4.32,0,3,1,2.77,0
222,2019,1,1,6,-29.96,131.38,4.29,0,2,1,3.84,0
223,2019,1,1,6,-29.96,131.4,4.29,0,2,1,2.2,0
224,2019,1,1,11,-31.26,130.2,4.24,0,2,3,3.29,0
225,2019,1,1,11,-31.4,120.12,4.23,0,3,3,1.75,0
226,2019,1,1,11,-31.72,131.98,4.22,0,3,3,2.65,0
227,2019,1,1,11,-31.74,132.0,4.22,0,3,1,2.43,0
228,2019,1,1,11,-31.74,132.02,4.22,0,3,3,3.85,0
229,2019,1,1,11,-32.58,125.2,4.18,0,3,3,2.95,2
230,2019,1,1,11,-32.64,135.44,4.17,0,3,3,2.93,0
231,2019,1,1,11,-32.9,116.4,4.16,0,3,1,2.0,2
232,2019,1,1,11,-33.78,142.72,4.12,0,3,1,3.61,0
233,2019,1,1,11,-33.8,142.74,4.12,0,3,1,3.12,0
234,2019,1,1,11,-34.26,143.98,4.1,0,1,3,19.39,0
235,2019,1,1,11,-34.28,143.98,4.1,0,1,3,19.39,0
236,2019,1,1,11,-34.44,150.86,4.09,0,3,1,5.92,0
237,2019,1,1,11,-34.46,150.86,4.09,0,3,1,5.88,0
238,2019,1,1,11,-37.52,146.54,3.93,0,3,3,3.63,0
239,2019,1,1,11,-37.54,146.54,3.93,0,3,3,3.63,0
240,2019,1,1,11,-37.68,149.32,3.92,0,3,3,2.01,0
241,2019,1,1,11,-40.34,175.6,3.78,0,2,1,3.23,0
242,2019,1,1,11,-40.34,175.62,3.78,0,2,1,3.23,0
1,2019,1,1,11,36.9,117.76,3.96,0,2,1,0.65,0
2,2019,1,1,11,36.9,117.78,3.96,0,2,1,0.65,0
3,2019,1,1,11,36.82,116.74,3.97,0,2,3,0.41,0
4,2019,1,1,11,36.62,116.22,3.98,0,3,1,0.42,0
5,2019,1,1,11,36.6,116.22,3.98,0,2,1,0.91,0
6,2019,1,1,11,36.6,116.24,3.98,0,3,1,0.36,0
7,2019,1,1,11,36.6,116.26,3.98,0,3,1,0.36,0
8,2019,1,1,11,35.7,111.42,4.03,0,3,1,0.42,0
9,2019,1,1,11,35.7,111.44,4.03,0,3,1,0.42,0
10,2019,1,1,11,35.68,111.44,4.03,0,3,1,0.42,0
11,2019,1,1,11,35.62,110.56,4.03,0,2,1,1.45,0
12,2019,1,1,11,35.62,110.58,4.03,0,2,1,1.45,0
13,2019,1,1,11,35.46,116.0,4.04,0,2,3,0.52,0
14,2019,1,1,11,35.44,116.0,4.04,0,2,1,0.52,0
15,2019,1,1,11,35.44,116.02,4.04,0,2,3,0.52,0
16,2019,1,1,11,35.42,116.58,4.04,0,2,1,0.41,0
17,2019,1,1,11,34.46,133.44,4.09,0,2,1,9.65,0
18,2019,1,1,11,34.42,119.84,4.09,0,2,1,2.08,0
19,2019,1,1,11,34.4,119.84,4.09,0,2,1,2.08,0
20,2019,1,1,11,34.34,108.68,4.09,0,1,1,1.21,0
21,2019,1,1,11,34.3,109.1,4.09,0,2,3,0.76,0
22,2019,1,1,11,34.28,109.1,4.1,0,2,3,0.76,0
23,2019,1,1,11,34.28,109.12,4.1,0,2,3,0.76,0
24,2019,1,1,11,34.16,108.8,4.1,0,2,3,1.64,0
25,2019,1,1,11,32.82,110.8,4.17,0,2,1,0.83,0
26,2019,1,1,11,27.84,102.3,4.38,0,2,3,3.82,0
27,2019,1,1,11,26.54,100.62,4.43,0,2,1,2.6,0
28,2019,1,1,11,26.54,100.64,4.43,0,2,1,2.6,0
29,2019,1,1,11,23.84,86.78,4.53,0,1,1,4.53,0
30,2019,1,1,11,23.78,86.34,4.54,0,2,1,3.75,0
31,2019,1,1,11,23.78,86.36,4.54,0,2,1,3.75,0
32,2019,1,1,11,23.78,86.38,4.54,0,2,1,3.75,0
33,2019,1,1,11,23.78,86.4,4.54,0,2,1,4.88,0
34,2019,1,1,11,23.78,86.42,4.54,0,2,1,4.88,0
35,2019,1,1,11,23.76,86.42,4.54,0,1,1,8.56,0
36,2019,1,1,11,23.76,86.44,4.54,0,1,1,8.56,0
37,2019,1,1,11,23.68,86.08,4.54,0,2,1,1.63,0
38,2019,1,1,11,23.68,86.1,4.54,0,2,1,1.63,0
39,2019,1,1,11,22.78,86.2,4.57,0,2,1,2.05,0
40,2019,1,1,11,22.78,86.22,4.57,0,2,1,2.05,0
41,2019,1,1,11,21.22,81.34,4.62,0,3,1,1.01,0
42,2019,1,1,11,21.22,81.36,4.62,0,3,1,1.01,0
43,2019,1,1,11,21.2,81.36,4.62,0,3,1,1.01,0
44,2019,1,1,11,21.2,81.38,4.62,0,3,1,1.01,0
45,2019,1,1,11,21.2,81.4,4.62,0,3,1,1.01,0
46,2019,1,1,11,20.96,85.12,4.63,0,2,1,6.21,0
47,2019,1,1,11,20.96,85.14,4.63,0,2,1,6.21,0
48,2019,1,1,11,20.96,85.16,4.63,0,2,1,6.21,0
49,2019,1,1,11,20.96,85.18,4.63,0,2,1,3.37,0
50,2019,1,1,11,20.96,85.2,4.63,0,2,1,3.37,0
51,2019,1,1,11,20.6,96.9,4.64,0,2,1,3.62,0
52,2019,1,1,11,20.18,95.98,4.65,0,1,3,6.97,0
53,2019,1,1,11,20.18,96.0,4.65,0,1,3,6.97,0
54,2019,1,1,11,20.16,96.0,4.65,0,1,3,10.76,0
55,2019,1,1,11,19.9,97.0,4.66,0,2,1,4.89,0
56,2019,1,1,11,19.9,97.02,4.66,0,2,1,4.89,0
57,2019,1,1,11,19.88,97.02,4.66,0,1,1,7.74,0
58,2019,1,1,11,19.08,95.44,4.68,0,1,1,16.14,0
59,2019,1,1,11,18.12,96.28,4.71,0,2,1,3.02,0
60,2019,1,1,11,18.12,96.3,4.71,0,2,1,3.02,0
61,2019,1,1,11,17.34,82.04,4.73,0,1,3,6.67,0
62,2019,1,1,11,17.34,82.06,4.73,0,1,3,6.67,0
63,2019,1,1,11,17.32,82.04,4.73,0,1,3,5.99,0
64,2019,1,1,11,17.32,82.06,4.73,0,1,3,5.99,0
65,2019,1,1,11,17.32,82.08,4.73,0,1,3,5.99,0
66,2019,1,1,11,13.18,104.9,4.83,0,3,1,1.25,0
67,2019,1,1,17,-15.16,129.86,4.78,0,2,3,5.46,0
68,2019,1,1,17,-15.84,129.26,4.77,0,3,3,1.88,0
69,2019,1,1,17,-16.24,132.28,4.76,0,2,1,2.47,0
70,2019,1,1,17,-16.24,132.3,4.76,0,2,3,2.79,0
71,2019,1,1,17,-16.28,132.3,4.76,0,2,1,4.26,0
72,2019,1,1,17,-17.76,143.5,4.72,0,3,3,3.28,0
73,2019,1,1,17,-17.96,129.28,4.72,0,3,3,2.49,0
74,2019,1,1,17,-17.98,129.28,4.71,0,3,3,2.18,0
75,2019,1,1,17,-17.98,129.3,4.71,0,3,3,2.29,0
76,2019,1,1,17,-18.06,129.68,4.71,0,3,3,2.89,0
77,2019,1,1,17,-18.06,129.7,4.71,0,2,3,3.2,0
78,2019,1,1,17,-18.36,135.8,4.7,0,2,1,4.04,0
79,2019,1,1,17,-18.9,143.28,4.69,0,3,3,5.18,0
80,2019,1,1,17,-18.9,143.3,4.69,0,2,3,7.56,0
81,2019,1,1,17,-18.94,128.38,4.69,0,3,3,3.83,0
82,2019,1,1,17,-18.96,141.74,4.69,0,3,3,3.44,0
83,2019,1,1,17,-18.98,141.42,4.69,0,2,3,5.28,0
84,2019,1,1,17,-18.98,141.72,4.69,0,3,3,3.56,0
85,2019,1,1,17,-18.98,141.74,4.69,0,3,3,3.05,0
86,2019,1,1,17,-18.98,141.76,4.69,0,3,1,2.6,0
87,2019,1,1,17,-19.22,143.78,4.68,0,2,5,16.1,0
88,2019,1,1,17,-19.22,143.8,4.68,0,2,5,23.41,0
89,2019,1,1,17,-19.24,143.78,4.68,0,2,3,9.29,0
90,2019,1,1,17,-19.24,143.8,4.68,0,2,5,14.68,0
91,2019,1,1,17,-19.3,142.14,4.68,0,2,5,12.37,0
92,2019,1,1,17,-19.3,142.16,4.68,0,2,5,44.83,0
93,2019,1,1,17,-19.32,142.14,4.68,0,2,3,7.05,0
94,2019,1,1,17,-19.32,142.16,4.68,0,2,5,40.5,0
95,2019,1,1,17,-19.4,143.6,4.68,0,2,3,12.5,0
96,2019,1,1,17,-19.56,129.18,4.67,0,3,1,3.32,0
97,2019,1,1,17,-19.58,129.18,4.67,0,3,3,3.64,0
98,2019,1,1,17,-19.58,143.46,4.67,0,2,3,6.93,0
99,2019,1,1,17,-19.72,143.9,4.67,0,2,3,20.48,0
100,2019,1,1,17,-21.22,120.2,4.62,0,3,3,2.43,0
101,2019,1,1,17,-21.22,120.22,4.62,0,2,1,3.27,0
102,2019,1,1,17,-21.38,131.9,4.62,0,2,1,2.6,0
103,2019,1,1,17,-21.52,130.68,4.61,0,2,5,54.92,0
104,2019,1,1,17,-21.54,130.68,4.61,0,1,5,118.41,0
105,2019,1,1,17,-21.78,125.62,4.6,0,3,3,8.43,0
106,2019,1,1,17,-21.78,128.98,4.6,0,2,5,32.0,0
107,2019,1,1,17,-21.8,125.62,4.6,0,2,5,32.83,0
108,2019,1,1,17,-21.8,125.64,4.6,0,2,3,12.41,0
109,2019,1,1,17,-21.8,128.96,4.6,0,2,5,27.97,0
110,2019,1,1,17,-22.04,134.34,4.59,0,3,3,3.24,0
111,2019,1,1,17,-22.04,134.36,4.59,0,3,1,3.61,0
112,2019,1,1,17,-22.06,134.34,4.59,0,3,3,3.24,0
113,2019,1,1,17,-22.06,134.38,4.59,0,3,3,3.51,0
114,2019,1,1,17,-22.08,134.38,4.59,0,3,3,3.51,0
115,2019,1,1,17,-22.08,134.44,4.59,0,3,3,3.52,0
116,2019,1,1,17,-22.08,134.46,4.59,0,3,3,3.8,0
117,2019,1,1,17,-22.08,134.92,4.59,0,3,3,2.99,0
118,2019,1,1,17,-22.1,134.46,4.59,0,3,1,4.93,0
119,2019,1,1,17,-22.1,134.48,4.59,0,3,1,4.9,0
120,2019,1,1,17,-22.12,134.46,4.59,0,3,1,4.93,0
121,2019,1,1,17,-22.12,134.48,4.59,0,3,1,4.9,0
122,2019,1,1,17,-22.12,134.5,4.59,0,3,3,3.6,0
123,2019,1,1,17,-22.14,134.5,4.59,0,3,3,3.6,0
124,2019,1,1,17,-22.48,132.0,4.58,0,3,1,3.22,0
125,2019,1,1,17,-22.54,117.34,4.58,0,2,3,4.84,0
126,2019,1,1,17,-23.16,128.9,4.56,0,3,1,4.94,0
127,2019,1,1,17,-23.34,129.98,4.55,0,2,5,23.58,0
128,2019,1,1,17,-23.34,130.0,4.55,0,2,5,15.12,0
129,2019,1,1,17,-23.6,126.48,4.54,0,3,3,6.04,0
130,2019,1,1,17,-23.72,129.8,4.54,0,2,3,7.46,0
131,2019,1,1,17,-23.74,129.8,4.54,0,2,5,29.62,0
132,2019,1,1,17,-23.74,129.82,4.54,0,2,3,10.73,0
133,2019,1,1,17,-23.76,129.8,4.54,0,2,5,19.99,0
134,2019,1,1,17,-23.78,132.06,4.54,0,2,3,8.95,0
135,2019,1,1,17,-23.8,121.14,4.54,0,3,3,3.02,0
136,2019,1,1,17,-23.98,130.64,4.53,0,2,5,8.34,0
137,2019,1,1,17,-23.98,130.66,4.53,0,2,5,29.76,0
138,2019,1,1,17,-24.0,130.64,4.53,0,2,5,8.34,0
139,2019,1,1,17,-24.0,130.66,4.53,0,2,5,29.76,0
140,2019,1,1,17,-24.02,130.64,4.53,0,2,5,10.13,0
141,2019,1,1,17,-24.02,130.66,4.53,0,2,5,43.19,0
142,2019,1,1,17,-24.02,130.68,4.53,0,2,5,11.78,0
143,2019,1,1,17,-24.04,130.5,4.53,0,3,5,5.97,0
144,2019,1,1,17,-24.04,130.52,4.53,0,2,5,16.34,0
145,2019,1,1,17,-24.04,130.64,4.53,0,2,3,10.08,0
146,2019,1,1,17,-24.04,130.66,4.53,0,2,5,17.82,0
147,2019,1,1,17,-24.04,130.68,4.53,0,2,5,17.82,0
148,2019,1,1,17,-24.04,130.7,4.53,0,2,5,22.94,0
149,2019,1,1,17,-24.04,130.72,4.53,0,2,5,21.57,0
150,2019,1,1,17,-24.06,130.5,4.53,0,2,5,35.25,0
151,2019,1,1,17,-24.06,130.52,4.53,0,2,5,58.44,0
152,2019,1,1,17,-24.06,130.54,4.53,0,1,5,59.04,0
153,2019,1,1,17,-24.06,130.66,4.53,0,2,5,13.05,0
154,2019,1,1,17,-24.06,130.68,4.53,0,2,5,58.86,0
155,2019,1,1,17,-24.06,130.7,4.53,0,2,5,48.57,0
156,2019,1,1,17,-24.06,130.72,4.53,0,2,3,4.74,0
157,2019,1,1,17,-24.06,131.66,4.53,0,3,1,2.31,0
158,2019,1,1,17,-24.08,130.48,4.53,0,2,5,26.72,0
159,2019,1,1,17,-24.08,130.5,4.53,0,2,5,83.92,0
160,2019,1,1,17,-24.08,130.52,4.53,0,2,5,160.28,0
161,2019,1,1,17,-24.08,130.68,4.53,0,2,5,20.93,0
162,2019,1,1,17,-24.08,130.7,4.53,0,2,5,47.46,0
163,2019,1,1,17,-24.08,130.72,4.53,0,2,5,20.3,0
164,2019,1,1,17,-24.1,120.5,4.52,0,3,3,4.25,0
165,2019,1,1,17,-24.1,130.48,4.52,0,2,5,38.76,0
166,2019,1,1,17,-24.1,130.5,4.52,0,2,5,85.89,0
167,2019,1,1,17,-24.1,130.52,4.52,0,2,5,90.19,0
168,2019,1,1,17,-24.1,130.54,4.52,0,2,5,72.95,0
169,2019,1,1,17,-24.1,130.72,4.52,0,2,5,8.67,0
170,2019,1,1,17,-24.1,130.74,4.52,0,2,5,18.39,0
171,2019,1,1,17,-24.1,130.76,4.52,0,2,5,6.3,0
172,2019,1,1,17,-24.1,130.92,4.52,0,3,3,1.81,0
173,2019,1,1,17,-24.1,130.94,4.52,0,3,3,1.81,0
174,2019,1,1,17,-24.12,130.5,4.52,0,2,5,31.23,0
175,2019,1,1,17,-24.12,130.52,4.52,0,2,5,44.24,0
176,2019,1,1,17,-24.12,130.54,4.52,0,2,5,41.22,0
177,2019,1,1,17,-24.12,130.56,4.52,0,2,5,40.02,0
178,2019,1,1,17,-24.12,130.7,4.52,0,2,1,3.53,0
179,2019,1,1,17,-24.14,130.56,4.52,0,1,5,19.46,0
180,2019,1,1,17,-24.14,130.58,4.52,0,1,3,14.2,0
181,2019,1,1,17,-24.16,130.6,4.52,0,2,5,24.56,0
182,2019,1,1,17,-24.18,130.64,4.52,0,3,5,19.5,0
183,2019,1,1,17,-24.18,130.66,4.52,0,2,5,26.78,0
184,2019,1,1,17,-24.2,130.64,4.52,0,2,5,35.51,0
185,2019,1,1,17,-24.2,130.66,4.52,0,2,5,54.31,0
186,2019,1,1,17,-24.2,130.68,4.52,0,3,3,4.1,0
187,2019,1,1,17,-24.24,130.9,4.52,0,3,3,1.61,0
188,2019,1,1,17,-24.4,130.4,4.51,0,3,1,1.99,0
189,2019,1,1,17,-24.4,148.18,4.51,0,2,3,12.71,0
190,2019,1,1,17,-24.4,148.2,4.51,0,2,5,56.51,0
191,2019,1,1,17,-24.4,148.22,4.51,0,2,3,14.49,0
192,2019,1,1,17,-24.42,130.4,4.51,0,3,3,1.87,0
193,2019,1,1,17,-24.42,130.42,4.51,0,3,3,1.86,0
194,2019,1,1,17,-24.42,148.2,4.51,0,2,5,76.7,0
195,2019,1,1,17,-24.42,148.22,4.51,0,2,5,111.05,0
196,2019,1,1,17,-24.44,148.2,4.51,0,2,5,31.9,0
197,2019,1,1,17,-24.44,148.22,4.51,0,2,5,106.85,0
198,2019,1,1,17,-24.46,148.28,4.51,0,2,5,26.39,0
199,2019,1,1,17,-24.48,148.26,4.51,0,2,5,70.18,0
200,2019,1,1,17,-24.48,148.28,4.51,0,2,5,121.6,0
201,2019,1,1,17,-24.48,148.3,4.51,0,2,3,18.53,0
202,2019,1,1,17,-24.5,148.22,4.51,0,2,3,20.71,0
203,2019,1,1,17,-24.5,148.24,4.51,0,2,5,57.44,0
204,2019,1,1,17,-24.5,148.28,4.51,0,2,5,99.16,0
205,2019,1,1,17,-24.5,148.3,4.51,0,2,5,31.52,0
206,2019,1,1,17,-24.52,148.26,4.51,0,2,5,37.18,0
207,2019,1,1,17,-24.52,148.28,4.51,0,2,5,25.83,0
208,2019,1,1,17,-24.52,148.3,4.51,0,2,3,20.65,0
209,2019,1,1,17,-24.54,148.28,4.51,0,2,3,15.67,0
210,2019,1,1,17,-24.56,130.56,4.51,0,3,3,2.8,0
211,2019,1,1,17,-24.92,126.92,4.5,0,2,5,19.9,0
212,2019,1,1,17,-24.92,126.94,4.5,0,2,5,45.91,0
213,2019,1,1,17,-24.92,126.96,4.5,0,2,5,58.16,0
214,2019,1,1,17,-24.94,126.92,4.49,0,2,5,273.7,0
215,2019,1,1,17,-24.94,126.94,4.49,0,2,5,257.92,0
216,2019,1,1,17,-24.96,126.64,4.49,0,2,5,16.28,0
217,2019,1,1,17,-24.96,126.66,4.49,0,2,3,13.53,0
218,2019,1,1,17,-24.96,126.92,4.49,0,2,5,83.59,0
219,2019,1,1,17,-24.96,126.94,4.49,0,2,5,43.88,0
220,2019,1,1,17,-24.98,126.64,4.49,0,2,5,28.72,0
221,2019,1,1,17,-24.98,126.66,4.49,0,2,5,19.44,0
222,2019,1,1,17,-24.98,126.7,4.49,0,2,5,12.18,0
223,2019,1,1,17,-24.98,126.72,4.49,0,2,5,27.73,0
224,2019,1,1,17,-25.0,126.7,4.49,0,2,3,13.39,0
225,2019,1,1,17,-25.0,126.72,4.49,0,2,5,20.43,0
226,2019,1,1,17,-25.06,126.46,4.49,0,2,3,4.01,0
227,2019,1,1,17,-25.12,147.64,4.49,0,2,3,9.5,0
228,2019,1,1,17,-25.14,147.58,4.49,0,1,3,31.52,0
229,2019,1,1,17,-25.22,126.38,4.48,0,3,1,4.44,2
230,2019,1,1,17,-25.66,128.66,4.47,0,2,3,4.82,0
231,2019,1,1,17,-25.68,128.66,4.47,0,2,1,4.87,0
232,2019,1,1,17,-25.92,130.1,4.46,0,3,3,3.3,0
233,2019,1,1,17,-25.94,130.1,4.46,0,3,1,2.76,0
234,2019,1,1,17,-25.96,130.06,4.46,0,3,1,4.13,2
235,2019,1,1,17,-25.98,130.04,4.46,0,3,3,3.0,0
236,2019,1,1,17,-25.98,130.06,4.46,0,3,3,2.84,0
237,2019,1,1,17,-26.02,130.22,4.45,0,3,3,3.37,0
238,2019,1,1,17,-26.06,129.82,4.45,0,3,3,4.58,0
239,2019,1,1,17,-26.06,131.16,4.45,0,2,1,2.82,0
240,2019,1,1,17,-26.08,131.16,4.45,0,2,3,5.42,0
241,2019,1,1,17,-26.1,131.14,4.45,0,2,3,4.66,0
242,2019,1,1,17,-26.12,131.12,4.45,0,2,3,8.64,0
243,2019,1,1,17,-26.12,131.14,4.45,0,3,3,3.86,0
244,2019,1,1,17,-26.14,131.12,4.45,0,2,3,3.94,0
245,2019,1,1,17,-26.18,131.1,4.45,0,2,3,3.69,0
246,2019,1,1,17,-26.28,131.62,4.44,0,1,3,12.21,0
247,2019,1,1,17,-26.3,130.32,4.44,0,2,3,5.47,0
248,2019,1,1,17,-27.5,122.84,4.4,0,1,3,25.96,0
249,2019,1,1,17,-28.34,118.56,4.36,0,2,3,3.25,0
250,2019,1,1,17,-28.34,118.58,4.36,0,2,3,3.25,0
251,2019,1,1,17,-28.58,121.76,4.35,0,3,1,1.96,0
252,2019,1,1,17,-29.4,126.64,4.32,0,2,3,16.15,0
253,2019,1,1,17,-29.42,117.28,4.32,0,3,3,1.88,0
254,2019,1,1,17,-29.42,126.62,4.32,0,2,3,16.15,0
255,2019,1,1,17,-29.42,126.64,4.32,0,2,3,16.15,0
256,2019,1,1,17,-29.96,131.38,4.29,0,2,1,4.97,0
257,2019,1,1,17,-29.96,131.4,4.29,0,2,3,2.8,0
258,2019,1,1,17,-29.98,131.4,4.29,0,2,1,3.2,0
259,2019,1,1,17,-30.86,121.48,4.25,0,2,1,6.85,0
260,2019,1,1,17,-30.86,121.5,4.25,0,2,1,6.85,0
261,2019,1,1,17,-31.24,130.2,4.24,0,2,1,2.09,0
262,2019,1,1,17,-31.26,130.2,4.24,0,2,3,5.09,0
263,2019,1,1,17,-31.4,120.18,4.23,0,3,1,1.18,0
264,2019,1,1,17,-31.42,120.16,4.23,0,3,3,1.14,0
265,2019,1,1,17,-31.42,120.18,4.23,0,3,3,1.14,0
266,2019,1,1,17,-31.74,132.02,4.22,0,3,1,3.47,0
267,2019,1,1,17,-32.22,127.02,4.19,0,3,3,2.7,0
268,2019,1,1,17,-32.88,116.42,4.16,0,3,1,1.81,0
269,2019,1,1,17,-32.9,116.4,4.16,0,3,3,2.49,2
270,2019,1,1,17,-33.8,142.74,4.12,0,3,1,2.94,0
271,2019,1,1,17,-34.44,150.86,4.09,0,3,1,5.93,0
272,2019,1,1,17,-34.46,150.86,4.09,0,3,1,6.3,0
273,2019,1,1,17,-37.52,146.54,3.93,0,3,3,3.91,0
274,2019,1,1,17,-37.54,146.54,3.93,0,3,3,3.91,0
275,2019,1,1,17,-37.68,149.32,3.92,0,3,3,2.16,0
1,2019,1,1,23,39.96,118.56,3.8,0,2,1,1.72,0
2,2019,1,1,23,36.6,116.22,3.98,0,3,1,0.34,0
3,2019,1,1,23,35.72,111.42,4.02,0,2,1,0.48,0
4,2019,1,1,23,35.7,111.42,4.03,0,2,1,0.81,0
5,2019,1,1,23,35.7,111.44,4.03,0,2,1,0.81,0
6,2019,1,1,23,35.68,111.44,4.03,0,2,1,0.81,0
7,2019,1,1,23,34.42,119.84,4.09,0,2,1,3.49,0
8,2019,1,1,23,34.4,119.84,4.09,0,2,1,3.49,0
9,2019,1,1,23,31.38,112.78,4.23,0,2,3,0.89,0
10,2019,1,1,23,23.84,86.78,4.53,0,2,1,2.98,0
11,2019,1,1,23,23.82,86.76,4.53,0,2,3,2.74,0
12,2019,1,1,23,23.82,86.78,4.53,0,2,3,2.74,0
13,2019,1,1,23,23.78,86.34,4.54,0,2,1,6.14,0
14,2019,1,1,23,23.78,86.36,4.54,0,2,1,6.14,0
15,2019,1,1,23,23.78,86.38,4.54,0,2,1,6.14,0
16,2019,1,1,23,22.96,86.68,4.56,0,2,3,2.79,0
17,2019,1,1,23,22.96,86.7,4.56,0,2,3,2.79,0
18,2019,1,1,23,22.94,86.72,4.56,0,2,1,2.8,0
19,2019,1,1,23,21.98,94.04,4.6,0,1,3,6.5,0
20,2019,1,1,23,21.96,94.04,4.6,0,1,3,5.07,0
21,2019,1,1,23,21.96,94.06,4.6,0,1,3,5.07,0
22,2019,1,1,23,21.22,81.34,4.62,0,2,1,2.45,0
23,2019,1,1,23,21.22,81.36,4.62,0,2,1,2.45,0
24,2019,1,1,23,21.2,81.36,4.62,0,2,1,2.45,0
25,2019,1,1,23,21.2,81.38,4.62,0,2,1,2.45,0
26,2019,1,1,23,21.2,81.4,4.62,0,2,1,2.25,0
27,2019,1,1,23,20.96,85.12,4.63,0,2,1,3.39,0
28,2019,1,1,23,20.96,85.14,4.63,0,2,1,3.39,0
29,2019,1,1,23,20.96,85.16,4.63,0,2,1,3.39,0
30,2019,1,1,23,20.96,85.18,4.63,0,2,1,5.97,0
31,2019,1,1,23,20.96,85.2,4.63,0,2,1,5.97,0
32,2019,1,1,23,20.52,81.68,4.64,0,2,1,3.14,0
33,2019,1,1,23,20.22,82.1,4.65,0,2,1,1.76,0
34,2019,1,1,23,19.2,96.16,4.68,0,2,3,1.3,0
35,2019,1,1,23,19.2,96.18,4.68,0,2,1,1.3,0
36,2019,1,1,23,17.32,82.04,4.73,0,1,3,6.5,0
37,2019,1,1,23,17.32,82.06,4.73,0,1,3,6.5,0
38,2019,1,1,23,17.32,82.08,4.73,0,1,3,6.5,0
39,2019,1,1,23,15.72,100.96,4.77,0,2,3,3.39,0
40,2019,1,1,23,14.66,99.66,4.8,0,2,5,5.97,0
41,2019,1,1,28,-14.02,127.36,4.81,0,2,3,23.35,0
42,2019,1,1,28,-14.28,127.44,4.8,0,2,3,14.82,0
43,2019,1,1,28,-15.84,129.26,4.77,0,3,1,1.93,0
44,2019,1,1,28,-16.24,132.28,4.76,0,2,3,3.64,0
45,2019,1,1,28,-17.76,143.5,4.72,0,3,3,3.52,0
46,2019,1,1,28,-17.96,129.28,4.72,0,3,3,2.88,0
47,2019,1,1,28,-17.98,129.28,4.71,0,3,3,2.48,0
48,2019,1,1,28,-17.98,129.3,4.71,0,3,3,2.49,0
49,2019,1,1,28,-18.06,129.68,4.71,0,2,3,3.86,0
50,2019,1,1,28,-18.06,129.7,4.71,0,2,3,3.78,0
51,2019,1,1,28,-18.96,141.74,4.69,0,3,1,2.99,0
52,2019,1,1,28,-18.98,141.42,4.69,0,2,3,8.65,0
53,2019,1,1,28,-19.2,143.8,4.68,0,2,3,10.98,0
54,2019,1,1,28,-19.22,143.78,4.68,0,2,5,23.91,0
55,2019,1,1,28,-19.22,143.8,4.68,0,2,5,25.71,0
56,2019,1,1,28,-19.24,143.78,4.68,0,2,5,15.83,0
57,2019,1,1,28,-19.24,143.8,4.68,0,2,3,8.52,0
58,2019,1,1,28,-19.3,142.14,4.68,0,2,5,15.32,0
59,2019,1,1,28,-19.3,142.16,4.68,0,2,5,35.57,0
60,2019,1,1,28,-19.3,142.18,4.68,0,1,3,24.38,0
61,2019,1,1,28,-19.4,143.6,4.68,0,2,5,20.81,0
62,2019,1,1,28,-21.22,120.2,4.62,0,3,1,2.16,0
63,2019,1,1,28,-21.5,130.76,4.61,0,2,5,31.69,0
64,2019,1,1,28,-21.5,130.78,4.61,0,2,3,15.89,0
65,2019,1,1,28,-21.7,115.0,4.61,0,3,1,4.77,0
66,2019,1,1,28,-21.76,128.98,4.6,0,3,5,28.2,0
67,2019,1,1,28,-21.76,129.0,4.6,0,2,3,12.11,0
68,2019,1,1,28,-21.78,128.96,4.6,0,2,5,139.47,0
69,2019,1,1,28,-21.78,128.98,4.6,0,2,5,166.75,0
70,2019,1,1,28,-21.8,125.62,4.6,0,2,5,36.93,0
71,2019,1,1,28,-21.8,128.94,4.6,0,2,5,139.48,0
72,2019,1,1,28,-21.8,128.96,4.6,0,2,5,166.76,0
73,2019,1,1,28,-21.82,128.94,4.6,0,2,5,26.86,0
74,2019,1,1,28,-21.82,128.96,4.6,0,3,5,36.64,0
75,2019,1,1,28,-22.48,132.0,4.58,0,2,1,3.48,0
76,2019,1,1,28,-22.68,125.52,4.57,0,2,3,18.74,0
77,2019,1,1,28,-23.34,129.98,4.55,0,2,5,12.19,0
78,2019,1,1,28,-23.72,129.8,4.54,0,2,3,7.82,0
79,2019,1,1,28,-23.74,129.78,4.54,0,2,3,8.62,0
80,2019,1,1,28,-23.74,129.8,4.54,0,2,5,23.98,0
81,2019,1,1,28,-23.74,129.82,4.54,0,2,3,9.14,0
82,2019,1,1,28,-23.76,129.78,4.54,0,2,5,13.53,0
83,2019,1,1,28,-23.76,129.8,4.54,0,2,5,18.91,0
84,2019,1,1,28,-23.98,130.64,4.53,0,2,5,9.89,0
85,2019,1,1,28,-23.98,130.66,4.53,0,2,5,11.53,0
86,2019,1,1,28,-24.0,130.64,4.53,0,2,5,9.89,0
87,2019,1,1,28,-24.0,130.66,4.53,0,2,5,11.53,0
88,2019,1,1,28,-24.02,130.64,4.53,0,2,5,9.44,0
89,2019,1,1,28,-24.02,130.66,4.53,0,2,5,18.55,0
90,2019,1,1,28,-24.02,130.68,4.53,0,2,3,7.57,0
91,2019,1,1,28,-24.04,121.66,4.53,0,3,3,7.02,0
92,2019,1,1,28,-24.04,130.5,4.53,0,3,3,5.27,0
93,2019,1,1,28,-24.04,130.52,4.53,0,2,5,12.5,0
94,2019,1,1,28,-24.04,130.64,4.53,0,2,3,9.92,0
95,2019,1,1,28,-24.04,130.66,4.53,0,2,5,27.45,0
96,2019,1,1,28,-24.04,130.68,4.53,0,2,5,27.45,0
97,2019,1,1,28,-24.04,130.7,4.53,0,2,5,16.86,0
98,2019,1,1,28,-24.06,130.5,4.53,0,2,5,39.25,0
99,2019,1,1,28,-24.06,130.52,4.53,0,2,5,88.16,0
100,2019,1,1,28,-24.06,130.66,4.53,0,2,5,12.29,0
101,2019,1,1,28,-24.06,130.68,4.53,0,2,5,59.91,0
102,2019,1,1,28,-24.06,130.7,4.53,0,2,5,22.68,0
103,2019,1,1,28,-24.06,130.72,4.53,0,3,3,3.43,0
104,2019,1,1,28,-24.08,130.46,4.53,0,3,3,4.86,0
105,2019,1,1,28,-24.08,130.48,4.53,0,2,5,30.23,0
106,2019,1,1,28,-24.08,130.5,4.53,0,2,5,102.13,0
107,2019,1,1,28,-24.08,130.52,4.53,0,2,5,199.1,0
108,2019,1,1,28,-24.08,130.68,4.53,0,3,5,12.06,0
109,2019,1,1,28,-24.08,130.7,4.53,0,2,5,42.33,0
110,2019,1,1,28,-24.08,130.72,4.53,0,2,5,13.29,0
111,2019,1,1,28,-24.1,130.46,4.52,0,2,3,7.53,0
112,2019,1,1,28,-24.1,130.48,4.52,0,2,5,76.35,0
113,2019,1,1,28,-24.1,130.5,4.52,0,2,5,56.96,0
114,2019,1,1,28,-24.1,130.52,4.52,0,2,5,52.62,0
115,2019,1,1,28,-24.1,130.54,4.52,0,2,5,55.87,0
116,2019,1,1,28,-24.1,130.72,4.52,0,2,3,7.74,0
117,2019,1,1,28,-24.1,130.74,4.52,0,2,5,13.8,0
118,2019,1,1,28,-24.12,130.52,4.52,0,2,5,39.95,0
119,2019,1,1,28,-24.12,130.54,4.52,0,2,5,31.82,0
120,2019,1,1,28,-24.12,130.56,4.52,0,2,5,37.28,0
121,2019,1,1,28,-24.12,130.58,4.52,0,2,5,41.54,0
122,2019,1,1,28,-24.12,130.74,4.52,0,2,5,16.47,0
123,2019,1,1,28,-24.14,130.56,4.52,0,2,5,12.59,0
124,2019,1,1,28,-24.14,130.58,4.52,0,2,5,13.84,0
125,2019,1,1,28,-24.14,130.6,4.52,0,1,3,36.92,0
126,2019,1,1,28,-24.14,130.7,4.52,0,3,1,2.71,0
127,2019,1,1,28,-24.14,130.74,4.52,0,3,3,4.96,0
128,2019,1,1,28,-24.16,130.6,4.52,0,2,5,29.23,0
129,2019,1,1,28,-24.16,130.62,4.52,0,2,5,17.26,0
130,2019,1,1,28,-24.16,130.7,4.52,0,2,3,3.33,0
131,2019,1,1,28,-24.16,130.72,4.52,0,3,3,2.89,0
132,2019,1,1,28,-24.18,130.64,4.52,0,3,5,38.94,0
133,2019,1,1,28,-24.18,130.66,4.52,0,2,5,19.64,0
134,2019,1,1,28,-24.18,130.68,4.52,0,3,3,3.87,0
135,2019,1,1,28,-24.18,130.7,4.52,0,3,3,2.91,0
136,2019,1,1,28,-24.18,130.72,4.52,0,3,3,2.85,0
137,2019,1,1,28,-24.18,130.74,4.52,0,3,3,4.24,0
138,2019,1,1,28,-24.18,130.8,4.52,0,3,3,4.05,0
139,2019,1,1,28,-24.18,130.82,4.52,0,3,3,4.9,0
140,2019,1,1,28,-24.2,130.64,4.52,0,2,5,151.06,0
141,2019,1,1,28,-24.2,130.66,4.52,0,2,5,71.64,0
142,2019,1,1,28,-24.2,130.68,4.52,0,3,5,7.89,0
143,2019,1,1,28,-24.2,130.74,4.52,0,2,5,7.47,0
144,2019,1,1,28,-24.2,130.8,4.52,0,3,3,4.71,0
145,2019,1,1,28,-24.2,130.82,4.52,0,2,3,4.31,0
146,2019,1,1,28,-24.4,148.18,4.51,0,2,3,17.38,0
147,2019,1,1,28,-24.4,148.2,4.51,0,2,5,48.53,0
148,2019,1,1,28,-24.4,148.22,4.51,0,2,3,21.5,0
149,2019,1,1,28,-24.42,148.2,4.51,0,2,5,81.16,0
150,2019,1,1,28,-24.42,148.22,4.51,0,2,5,85.93,0
151,2019,1,1,28,-24.44,148.2,4.51,0,2,5,51.36,0
152,2019,1,1,28,-24.44,148.22,4.51,0,1,5,165.52,0
153,2019,1,1,28,-24.46,148.28,4.51,0,2,5,30.15,0
154,2019,1,1,28,-24.48,148.26,4.51,0,2,5,72.14,0
155,2019,1,1,28,-24.48,148.28,4.51,0,2,5,175.7,0
156,2019,1,1,28,-24.5,148.22,4.51,0,2,5,54.45,0
157,2019,1,1,28,-24.5,148.24,4.51,0,2,5,70.52,0
158,2019,1,1,28,-24.5,148.28,4.51,0,2,5,173.43,0
159,2019,1,1,28,-24.5,148.3,4.51,0,2,3,15.21,0
160,2019,1,1,28,-24.52,148.26,4.51,0,2,5,30.61,0
161,2019,1,1,28,-24.52,148.28,4.51,0,2,5,45.67,0
162,2019,1,1,28,-24.54,148.28,4.51,0,2,3,20.42,0
163,2019,1,1,28,-24.92,126.92,4.5,0,3,5,9.38,0
164,2019,1,1,28,-24.92,126.94,4.5,0,2,5,48.54,0
165,2019,1,1,28,-24.92,126.96,4.5,0,2,5,47.46,0
166,2019,1,1,28,-24.92,126.98,4.5,0,2,5,11.11,0
167,2019,1,1,28,-24.94,126.92,4.49,0,2,5,244.63,0
168,2019,1,1,28,-24.94,126.94,4.49,0,2,5,240.41,0
169,2019,1,1,28,-24.96,126.64,4.49,0,2,5,12.97,0
170,2019,1,1,28,-24.96,126.66,4.49,0,2,5,17.52,0
171,2019,1,1,28,-24.96,126.92,4.49,0,2,5,110.06,0
172,2019,1,1,28,-24.96,126.94,4.49,0,2,5,80.21,0
173,2019,1,1,28,-24.98,126.62,4.49,0,2,3,12.02,0
174,2019,1,1,28,-24.98,126.64,4.49,0,2,5,24.09,0
175,2019,1,1,28,-24.98,126.7,4.49,0,2,5,14.86,0
176,2019,1,1,28,-24.98,126.72,4.49,0,2,3,7.52,0
177,2019,1,1,28,-25.18,147.58,4.49,0,2,3,17.24,0
178,2019,1,1,28,-25.48,151.5,4.47,0,2,1,20.15,0
179,2019,1,1,28,-25.48,151.52,4.47,0,2,1,20.15,0
180,2019,1,1,28,-25.66,128.66,4.47,0,2,3,6.1,0
181,2019,1,1,28,-25.68,128.66,4.47,0,2,3,6.19,0
182,2019,1,1,28,-25.7,128.66,4.47,0,2,3,6.19,0
183,2019,1,1,28,-27.48,122.84,4.4,0,2,5,16.79,0
184,2019,1,1,28,-27.5,122.84,4.4,0,2,5,49.84,0
185,2019,1,1,28,-27.88,115.3,4.38,0,3,1,2.03,2
186,2019,1,1,28,-27.9,115.3,4.38,0,3,3,2.03,2
187,2019,1,1,28,-29.4,126.6,4.32,0,2,3,8.54,0
188,2019,1,1,28,-29.4,126.62,4.32,0,2,3,8.54,0
189,2019,1,1,28,-29.42,126.6,4.32,0,2,3,8.54,0
190,2019,1,1,28,-29.96,131.38,4.29,0,2,1,6.54,0
191,2019,1,1,28,-29.96,131.4,4.29,0,2,3,2.78,0
192,2019,1,1,28,-29.98,131.4,4.29,0,2,1,5.41,0
193,2019,1,1,28,-31.24,130.18,4.24,0,3,3,2.42,0
194,2019,1,1,28,-31.24,130.2,4.24,0,2,3,2.57,0
195,2019,1,1,28,-31.26,130.18,4.24,0,2,3,4.44,0
196,2019,1,1,28,-31.26,130.2,4.24,0,2,3,5.24,0
197,2019,1,1,28,-31.38,120.92,4.23,0,3,1,4.13,0
198,2019,1,1,28,-31.4,120.88,4.23,0,3,1,2.69,0
199,2019,1,1,28,-31.4,120.9,4.23,0,3,1,4.13,0
200,2019,1,1,28,-31.4,120.92,4.23,0,3,1,4.13,0
201,2019,1,1,28,-31.4,120.94,4.23,0,3,1,4.49,2
202,2019,1,1,28,-31.4,120.98,4.23,0,3,1,3.56,0
203,2019,1,1,28,-31.4,121.0,4.23,0,3,1,2.5,0
204,2019,1,1,28,-31.42,120.98,4.23,0,3,1,3.56,0
205,2019,1,1,28,-31.42,121.0,4.23,0,3,1,2.5,0
206,2019,1,1,28,-37.52,146.54,3.93,0,3,1,3.79,0
207,2019,1,1,28,-37.54,146.54,3.93,0,3,1,3.79,0
1,2019,1,1,34,44.44,131.42,3.54,0,3,3,1.23,0
2,2019,1,1,34,44.42,131.42,3.54,0,3,3,1.23,0
3,2019,1,1,34,39.96,118.56,3.8,0,2,1,1.25,0
4,2019,1,1,34,39.9,117.68,3.8,0,1,3,3.52,0
5,2019,1,1,34,39.88,117.7,3.8,0,2,3,0.64,0
6,2019,1,1,34,39.76,118.06,3.81,0,1,1,2.77,0
7,2019,1,1,34,39.76,118.08,3.81,0,1,1,2.77,0
8,2019,1,1,34,39.6,117.94,3.82,0,2,1,0.69,0
9,2019,1,1,34,39.6,117.96,3.82,0,2,3,0.69,0
10,2019,1,1,34,39.6,117.98,3.82,0,2,3,0.69,0
11,2019,1,1,34,39.44,118.46,3.83,0,2,1,0.93,0
12,2019,1,1,34,37.94,115.22,3.91,0,2,1,0.63,0
13,2019,1,1,34,35.04,136.88,4.06,0,2,1,3.73,0
14,2019,1,1,34,34.42,119.84,4.09,0,2,1,4.34,0
15,2019,1,1,34,34.4,119.84,4.09,0,2,1,4.34,0
16,2019,1,1,34,26.82,91.1,4.42,0,2,3,2.32,0
17,2019,1,1,34,26.82,91.12,4.42,0,2,3,2.32,0
18,2019,1,1,34,24.2,81.22,4.52,0,2,3,2.97,0
19,2019,1,1,34,24.18,81.18,4.52,0,2,1,1.81,0
20,2019,1,1,34,24.16,81.2,4.52,0,2,1,1.52,0
21,2019,1,1,34,24.14,81.14,4.52,0,2,3,2.03,0
22,2019,1,1,34,24.14,81.16,4.52,0,2,3,1.69,0
23,2019,1,1,34,24.12,81.24,4.52,0,1,3,5.07,0
24,2019,1,1,34,23.96,85.7,4.53,0,1,3,3.74,0
25,2019,1,1,34,23.94,85.72,4.53,0,2,3,2.71,0
26,2019,1,1,34,23.94,85.74,4.53,0,2,3,2.72,0
27,2019,1,1,34,23.8,86.28,4.54,0,1,1,5.09,0
28,2019,1,1,34,23.8,86.3,4.54,0,1,1,5.09,0
29,2019,1,1,34,23.8,86.32,4.54,0,1,1,5.09,0
30,2019,1,1,34,23.8,86.34,4.54,0,2,1,3.07,0
31,2019,1,1,34,23.8,86.36,4.54,0,2,1,3.07,0
32,2019,1,1,34,23.78,86.3,4.54,0,1,1,3.86,0
33,2019,1,1,34,23.78,86.32,4.54,0,1,1,3.88,0
34,2019,1,1,34,23.78,86.34,4.54,0,2,1,5.07,0
35,2019,1,1,34,23.78,86.36,4.54,0,2,1,5.07,0
36,2019,1,1,34,23.78,86.38,4.54,0,2,1,5.07,0
37,2019,1,1,34,23.78,86.4,4.54,0,2,1,6.77,0
38,2019,1,1,34,23.78,86.42,4.54,0,2,1,6.77,0
39,2019,1,1,34,23.76,85.74,4.54,0,1,3,3.52,0
40,2019,1,1,34,23.76,86.36,4.54,0,2,1,2.31,0
41,2019,1,1,34,23.76,86.38,4.54,0,2,1,2.31,0
42,2019,1,1,34,23.76,86.4,4.54,0,2,1,2.31,0
43,2019,1,1,34,23.76,86.42,4.54,0,2,1,2.4,0
44,2019,1,1,34,23.76,86.44,4.54,0,2,1,2.4,0
45,2019,1,1,34,23.76,89.8,4.54,0,2,3,2.48,0
46,2019,1,1,34,23.76,89.82,4.54,0,2,1,2.49,0
47,2019,1,1,34,23.5,91.82,4.55,0,1,1,3.08,0
48,2019,1,1,34,23.46,85.48,4.55,0,2,3,2.07,0
49,2019,1,1,34,23.46,85.5,4.55,0,2,1,2.07,0
50,2019,1,1,34,22.82,80.0,4.57,0,1,3,8.09,0
51,2019,1,1,34,22.76,80.02,4.57,0,1,1,3.71,0
52,2019,1,1,34,22.76,80.04,4.57,0,1,1,3.72,0
53,2019,1,1,34,22.76,80.06,4.57,0,1,3,3.72,0
54,2019,1,1,34,22.18,88.14,4.59,0,2,3,3.52,0
55,2019,1,1,34,21.4,81.62,4.61,0,2,3,1.89,0
56,2019,1,1,34,21.38,81.62,4.62,0,2,3,1.89,0
57,2019,1,1,34,21.38,81.64,4.62,0,2,1,1.9,0
58,2019,1,1,34,21.22,81.34,4.62,0,2,1,1.08,0
59,2019,1,1,34,21.22,81.36,4.62,0,2,1,1.09,0
60,2019,1,1,34,21.2,81.36,4.62,0,2,1,1.09,0
61,2019,1,1,34,21.2,81.38,4.62,0,2,1,1.09,0
62,2019,1,1,34,21.2,81.4,4.62,0,2,1,1.09,0
63,2019,1,1,34,20.96,85.12,4.63,0,2,1,4.84,0
64,2019,1,1,34,20.96,85.14,4.63,0,2,1,4.84,0
65,2019,1,1,34,20.96,85.16,4.63,0,2,1,4.84,0
66,2019,1,1,34,20.96,85.18,4.63,0,2,1,3.54,0
67,2019,1,1,34,20.96,85.2,4.63,0,2,1,3.54,0
68,2019,1,1,34,18.44,82.54,4.7,0,2,1,1.85,0
69,2019,1,1,34,18.16,82.1,4.71,0,2,3,3.3,0
70,2019,1,1,34,18.16,82.12,4.71,0,2,3,3.31,0
71,2019,1,1,34,18.16,82.14,4.71,0,2,3,3.32,0
72,2019,1,1,34,17.3,82.0,4.73,0,2,1,2.47,0
73,2019,1,1,34,14.24,104.64,4.8,0,2,3,1.36,0
74,2019,1,1,39,-14.02,127.36,4.81,0,2,1,23.19,0
75,2019,1,1,39,-14.02,127.38,4.81,0,2,3,38.34,0
76,2019,1,1,39,-15.16,129.86,4.78,0,2,3,6.7,0
77,2019,1,1,39,-15.16,129.88,4.78,0,2,3,11.07,0
78,2019,1,1,39,-15.84,129.26,4.77,0,2,3,2.68,0
79,2019,1,1,39,-16.94,145.74,4.74,0,3,3,5.7,0
80,2019,1,1,39,-16.94,145.76,4.74,0,3,1,5.79,0
81,2019,1,1,39,-16.96,145.74,4.74,0,3,1,5.21,0
82,2019,1,1,39,-17.72,168.3,4.72,0,2,1,5.94,0
83,2019,1,1,39,-17.76,143.5,4.72,0,3,1,3.64,0
84,2019,1,1,39,-18.4,142.44,4.7,0,2,3,8.57,0
85,2019,1,1,39,-18.96,141.74,4.69,0,3,1,3.26,0
86,2019,1,1,39,-18.98,141.42,4.69,0,2,5,14.24,0
87,2019,1,1,39,-18.98,141.72,4.69,0,3,1,2.53,0
88,2019,1,1,39,-19.22,143.78,4.68,0,2,5,20.99,0
89,2019,1,1,39,-19.22,143.8,4.68,0,2,5,35.1,0
90,2019,1,1,39,-19.24,143.78,4.68,0,2,5,12.02,0
91,2019,1,1,39,-19.24,143.8,4.68,0,2,5,18.48,0
92,2019,1,1,39,-19.3,142.14,4.68,0,2,5,15.74,0
93,2019,1,1,39,-19.3,142.16,4.68,0,2,5,86.0,0
94,2019,1,1,39,-19.32,127.56,4.68,0,2,3,4.1,0
95,2019,1,1,39,-19.32,142.16,4.68,0,2,5,25.14,0
96,2019,1,1,39,-19.4,143.6,4.68,0,1,3,25.29,0
97,2019,1,1,39,-21.52,130.68,4.61,0,2,5,26.42,0
98,2019,1,1,39,-21.7,114.98,4.61,0,3,1,5.02,0
99,2019,1,1,39,-21.78,128.98,4.6,0,2,5,93.1,0
100,2019,1,1,39,-21.78,136.12,4.6,0,3,1,2.96,2
101,2019,1,1,39,-21.8,125.62,4.6,0,2,5,24.71,0
102,2019,1,1,39,-21.8,125.64,4.6,0,2,3,13.77,0
103,2019,1,1,39,-21.8,128.96,4.6,0,2,5,89.34,0
104,2019,1,1,39,-21.82,128.96,4.6,0,2,5,35.52,0
105,2019,1,1,39,-22.04,134.34,4.59,0,3,3,3.63,0
106,2019,1,1,39,-22.04,134.36,4.59,0,3,1,3.44,0
107,2019,1,1,39,-22.06,134.34,4.59,0,3,3,3.63,0
108,2019,1,1,39,-22.06,134.38,4.59,0,3,3,3.88,0
109,2019,1,1,39,-22.08,134.38,4.59,0,3,3,3.88,0
110,2019,1,1,39,-22.08,134.44,4.59,0,3,3,3.55,0
111,2019,1,1,39,-22.08,134.46,4.59,0,3,3,3.94,0
112,2019,1,1,39,-22.1,134.46,4.59,0,3,1,4.81,0
113,2019,1,1,39,-22.1,134.48,4.59,0,3,1,4.92,0
114,2019,1,1,39,-22.12,134.46,4.59,0,3,1,4.81,0
115,2019,1,1,39,-22.12,134.48,4.59,0,3,1,4.92,0
116,2019,1,1,39,-22.48,132.0,4.58,0,2,1,4.56,0
117,2019,1,1,39,-22.6,125.86,4.58,0,2,5,32.89,0
118,2019,1,1,39,-22.6,125.88,4.58,0,2,3,16.59,0
119,2019,1,1,39,-22.86,119.58,4.57,0,2,1,7.09,0
120,2019,1,1,39,-23.26,130.04,4.55,0,2,3,12.08,0
121,2019,1,1,39,-23.26,130.06,4.55,0,2,3,9.85,0
122,2019,1,1,39,-23.28,130.06,4.55,0,2,3,10.78,0
123,2019,1,1,39,-23.34,130.02,4.55,0,2,3,6.94,0
124,2019,1,1,39,-23.7,129.88,4.54,0,2,3,8.63,0
125,2019,1,1,39,-23.72,129.8,4.54,0,2,3,8.77,0
126,2019,1,1,39,-23.72,129.88,4.54,0,2,3,8.63,0
127,2019,1,1,39,-23.74,129.8,4.54,0,2,5,48.99,0
128,2019,1,1,39,-23.74,129.82,4.54,0,2,3,13.91,0
129,2019,1,1,39,-23.74,129.86,4.54,0,2,3,5.61,0
130,2019,1,1,39,-23.76,129.78,4.54,0,2,3,6.75,0
131,2019,1,1,39,-23.76,129.8,4.54,0,2,5,23.05,0
132,2019,1,1,39,-23.98,130.64,4.53,0,2,5,18.18,0
133,2019,1,1,39,-23.98,130.66,4.53,0,1,5,34.57,0
134,2019,1,1,39,-24.0,130.64,4.53,0,2,5,18.18,0
135,2019,1,1,39,-24.0,130.66,4.53,0,1,5,34.57,0
136,2019,1,1,39,-24.02,130.64,4.53,0,2,5,14.31,0
137,2019,1,1,39,-24.02,130.66,4.53,0,2,5,22.97,0
138,2019,1,1,39,-24.04,130.66,4.53,0,2,5,28.75,0
139,2019,1,1,39,-24.04,130.68,4.53,0,2,5,28.75,0
140,2019,1,1,39,-24.04,130.7,4.53,0,2,5,19.41,0
141,2019,1,1,39,-24.04,130.72,4.53,0,2,3,17.6,0
142,2019,1,1,39,-24.06,130.5,4.53,0,2,5,35.39,0
143,2019,1,1,39,-24.06,130.52,4.53,0,2,5,63.76,0
144,2019,1,1,39,-24.06,130.68,4.53,0,2,5,49.63,0
145,2019,1,1,39,-24.06,130.7,4.53,0,2,5,33.8,0
146,2019,1,1,39,-24.08,130.46,4.53,0,3,3,6.19,0
147,2019,1,1,39,-24.08,130.48,4.53,0,2,5,38.64,0
148,2019,1,1,39,-24.08,130.5,4.53,0,2,5,47.01,0
149,2019,1,1,39,-24.08,130.52,4.53,0,2,5,40.77,0
150,2019,1,1,39,-24.08,130.68,4.53,0,2,5,17.95,0
151,2019,1,1,39,-24.08,130.7,4.53,0,2,5,45.26,0
152,2019,1,1,39,-24.1,130.46,4.52,0,2,5,25.97,0
153,2019,1,1,39,-24.1,130.48,4.52,0,2,5,123.22,0
154,2019,1,1,39,-24.1,130.5,4.52,0,2,5,86.05,0
155,2019,1,1,39,-24.1,130.52,4.52,0,2,5,33.38,0
156,2019,1,1,39,-24.1,130.54,4.52,0,2,5,42.77,0
157,2019,1,1,39,-24.12,130.48,4.52,0,2,3,5.21,0
158,2019,1,1,39,-24.12,130.5,4.52,0,1,5,36.19,0
159,2019,1,1,39,-24.12,130.54,4.52,0,2,5,19.43,0
160,2019,1,1,39,-24.12,130.56,4.52,0,2,5,62.53,0
161,2019,1,1,39,-24.12,130.58,4.52,0,2,5,94.03,0
162,2019,1,1,39,-24.12,130.7,4.52,0,2,3,8.9,0
163,2019,1,1,39,-24.12,130.72,4.52,0,2,3,4.81,0
164,2019,1,1,39,-24.14,130.56,4.52,0,2,5,44.98,0
165,2019,1,1,39,-24.14,130.58,4.52,0,2,5,79.11,0
166,2019,1,1,39,-24.14,130.68,4.52,0,2,3,9.04,0
167,2019,1,1,39,-24.14,130.7,4.52,0,2,3,6.69,0
168,2019,1,1,39,-24.14,130.72,4.52,0,3,3,5.15,0
169,2019,1,1,39,-24.16,130.6,4.52,0,2,5,71.01,0
170,2019,1,1,39,-24.16,130.62,4.52,0,2,5,23.03,0
171,2019,1,1,39,-24.16,130.68,4.52,0,3,3,4.28,0
172,2019,1,1,39,-24.16,130.7,4.52,0,2,3,6.68,0
173,2019,1,1,39,-24.16,130.72,4.52,0,3,3,5.73,0
174,2019,1,1,39,-24.16,130.74,4.52,0,2,3,5.12,0
175,2019,1,1,39,-24.16,130.8,4.52,0,3,3,4.44,0
176,2019,1,1,39,-24.18,130.62,4.52,0,2,3,8.89,0
177,2019,1,1,39,-24.18,130.64,4.52,0,3,5,11.97,0
178,2019,1,1,39,-24.18,130.66,4.52,0,3,5,11.82,0
179,2019,1,1,39,-24.18,130.68,4.52,0,2,3,6.23,0
180,2019,1,1,39,-24.18,130.7,4.52,0,2,3,5.07,0
181,2019,1,1,39,-24.18,130.72,4.52,0,3,3,4.89,0
182,2019,1,1,39,-24.18,130.74,4.52,0,2,3,7.27,0
183,2019,1,1,39,-24.18,130.8,4.52,0,3,3,4.44,0
184,2019,1,1,39,-24.18,130.82,4.52,0,2,5,9.42,0
185,2019,1,1,39,-24.2,130.64,4.52,0,2,5,48.47,0
186,2019,1,1,39,-24.2,130.66,4.52,0,2,5,76.99,0
187,2019,1,1,39,-24.2,130.68,4.52,0,2,5,18.53,0
188,2019,1,1,39,-24.2,130.74,4.52,0,2,5,18.14,0
189,2019,1,1,39,-24.2,130.76,4.52,0,2,5,20.33,0
190,2019,1,1,39,-24.2,130.8,4.52,0,3,3,4.63,0
191,2019,1,1,39,-24.2,130.82,4.52,0,2,3,6.0,0
192,2019,1,1,39,-24.22,130.74,4.52,0,2,5,8.62,0
193,2019,1,1,39,-24.22,130.76,4.52,0,2,3,8.9,0
194,2019,1,1,39,-24.22,130.8,4.52,0,3,1,4.58,0
195,2019,1,1,39,-24.38,148.2,4.51,0,2,3,29.28,0
196,2019,1,1,39,-24.4,148.18,4.51,0,2,3,18.4,0
197,2019,1,1,39,-24.4,148.2,4.51,0,2,5,129.38,0
198,2019,1,1,39,-24.4,148.22,4.51,0,2,3,25.19,0
199,2019,1,1,39,-24.42,148.2,4.51,0,2,5,85.97,0
200,2019,1,1,39,-24.42,148.22,4.51,0,2,5,84.75,0
201,2019,1,1,39,-24.44,148.2,4.51,0,2,3,34.1,0
202,2019,1,1,39,-24.46,148.26,4.51,0,2,3,17.0,0
203,2019,1,1,39,-24.46,148.28,4.51,0,2,5,25.32,0
204,2019,1,1,39,-24.48,148.26,4.51,0,2,5,171.31,0
205,2019,1,1,39,-24.48,148.28,4.51,0,2,5,298.52,0
206,2019,1,1,39,-24.5,148.24,4.51,0,1,5,105.49,0
207,2019,1,1,39,-24.5,148.26,4.51,0,2,5,102.94,0
208,2019,1,1,39,-24.5,148.28,4.51,0,2,5,203.71,0
209,2019,1,1,39,-24.5,148.3,4.51,0,2,5,55.24,0
210,2019,1,1,39,-24.52,148.26,4.51,0,2,5,48.12,0
211,2019,1,1,39,-24.52,148.28,4.51,0,2,5,76.69,0
212,2019,1,1,39,-24.52,148.3,4.51,0,2,5,38.38,0
213,2019,1,1,39,-24.66,148.08,4.5,0,2,3,36.99,0
214,2019,1,1,39,-24.92,126.92,4.5,0,3,3,3.38,0
215,2019,1,1,39,-24.92,126.94,4.5,0,2,5,80.14,0
216,2019,1,1,39,-24.92,126.96,4.5,0,2,5,81.59,0
217,2019,1,1,39,-24.92,148.4,4.5,0,2,3,55.03,0
218,2019,1,1,39,-24.94,126.64,4.49,0,2,5,10.39,0
219,2019,1,1,39,-24.94,126.92,4.49,0,2,5,161.2,0
220,2019,1,1,39,-24.94,126.94,4.49,0,2,5,192.95,0
221,2019,1,1,39,-24.94,126.96,4.49,0,2,5,72.94,0
222,2019,1,1,39,-24.96,126.64,4.49,0,2,5,14.94,0
223,2019,1,1,39,-24.96,126.66,4.49,0,2,5,23.32,0
224,2019,1,1,39,-24.96,126.68,4.49,0,2,5,12.97,0
225,2019,1,1,39,-24.96,126.7,4.49,0,1,3,18.85,0
226,2019,1,1,39,-24.96,126.76,4.49,0,2,1,3.44,0
227,2019,1,1,39,-24.96,126.8,4.49,0,2,3,4.5,0
228,2019,1,1,39,-24.96,126.92,4.49,0,2,5,149.46,0
229,2019,1,1,39,-24.96,127.02,4.49,0,2,1,2.62,0
230,2019,1,1,39,-24.98,126.62,4.49,0,2,3,6.95,0
231,2019,1,1,39,-24.98,126.68,4.49,0,2,3,8.82,0
232,2019,1,1,39,-24.98,126.7,4.49,0,2,3,9.98,0
233,2019,1,1,39,-24.98,126.72,4.49,0,2,5,12.38,0
234,2019,1,1,39,-24.98,126.78,4.49,0,3,3,4.31,0
235,2019,1,1,39,-24.98,126.8,4.49,0,3,3,4.31,0
236,2019,1,1,39,-24.98,126.82,4.49,0,2,3,5.68,0
237,2019,1,1,39,-25.12,147.64,4.49,0,2,3,12.45,0
238,2019,1,1,39,-25.14,147.64,4.49,0,2,3,17.85,0
239,2019,1,1,39,-25.18,147.58,4.49,0,2,3,14.38,0
240,2019,1,1,39,-25.92,130.1,4.46,0,3,3,2.8,0
241,2019,1,1,39,-26.02,117.42,4.45,0,3,3,2.17,0
242,2019,1,1,39,-26.02,117.44,4.45,0,3,1,2.17,0
243,2019,1,1,39,-26.08,131.16,4.45,0,2,3,4.16,0
244,2019,1,1,39,-26.1,131.14,4.45,0,2,3,5.04,0
245,2019,1,1,39,-26.12,131.12,4.45,0,2,3,10.23,0
246,2019,1,1,39,-26.12,131.14,4.45,0,3,3,4.64,0
247,2019,1,1,39,-26.14,131.12,4.45,0,2,3,4.43,0
248,2019,1,1,39,-26.26,130.34,4.45,0,2,3,6.03,0
249,2019,1,1,39,-26.26,130.36,4.45,0,2,3,6.02,0
250,2019,1,1,39,-26.26,130.38,4.45,0,2,3,8.0,0
251,2019,1,1,39,-26.3,130.32,4.44,0,2,3,6.06,0
252,2019,1,1,39,-26.34,120.82,4.44,0,2,1,1.98,0
253,2019,1,1,39,-26.38,117.98,4.44,0,3,3,1.98,0
254,2019,1,1,39,-26.62,119.38,4.43,0,3,3,2.77,0
255,2019,1,1,39,-26.64,119.34,4.43,0,3,3,3.34,0
256,2019,1,1,39,-26.78,119.36,4.42,0,3,3,3.72,0
257,2019,1,1,39,-27.48,122.84,4.4,0,3,5,15.42,0
258,2019,1,1,39,-27.48,122.86,4.4,0,2,5,18.2,0
259,2019,1,1,39,-27.5,122.84,4.4,0,2,5,14.03,0
260,2019,1,1,39,-27.88,115.3,4.38,0,3,3,2.02,0
261,2019,1,1,39,-27.9,115.3,4.38,0,3,3,2.02,0
262,2019,1,1,39,-28.34,118.56,4.36,0,2,3,3.72,0
263,2019,1,1,39,-28.34,118.58,4.36,0,2,3,3.72,0
264,2019,1,1,39,-29.4,126.6,4.32,0,2,3,13.42,0
265,2019,1,1,39,-29.4,126.62,4.32,0,2,3,13.42,0
266,2019,1,1,39,-29.42,117.28,4.32,0,3,1,2.15,0
267,2019,1,1,39,-29.42,126.6,4.32,0,2,5,13.42,0
268,2019,1,1,39,-29.96,131.38,4.29,0,1,1,13.57,0
269,2019,1,1,39,-29.96,131.4,4.29,0,2,3,3.06,0
270,2019,1,1,39,-29.98,131.4,4.29,0,2,3,5.84,0
271,2019,1,1,39,-30.86,121.48,4.25,0,2,1,6.49,0
272,2019,1,1,39,-30.86,121.5,4.25,0,2,1,6.49,0
273,2019,1,1,39,-30.88,121.48,4.25,0,1,1,66.63,0
274,2019,1,1,39,-31.24,130.2,4.24,0,2,3,2.45,0
275,2019,1,1,39,-31.26,130.2,4.24,0,2,3,6.84,0
276,2019,1,1,39,-31.36,120.88,4.23,0,3,3,3.78,0
277,2019,1,1,39,-31.36,120.9,4.23,0,3,1,4.37,0
278,2019,1,1,39,-31.36,120.92,4.23,0,3,1,5.99,0
279,2019,1,1,39,-31.36,120.94,4.23,0,3,1,4.84,0
280,2019,1,1,39,-31.36,120.96,4.23,0,3,1,3.63,0
281,2019,1,1,39,-31.36,120.98,4.23,0,3,1,3.63,0
282,2019,1,1,39,-31.38,120.84,4.23,0,3,1,3.0,0
283,2019,1,1,39,-31.38,120.86,4.23,0,3,1,2.89,0
284,2019,1,1,39,-31.38,120.9,4.23,0,3,1,4.5,0
285,2019,1,1,39,-31.38,120.92,4.23,0,3,1,6.2,0
286,2019,1,1,39,-31.38,120.94,4.23,0,3,1,6.32,0
287,2019,1,1,39,-31.38,120.96,4.23,0,3,1,3.43,0
288,2019,1,1,39,-31.4,120.86,4.23,0,3,1,2.89,0
289,2019,1,1,39,-31.4,120.88,4.23,0,3,1,4.5,0
290,2019,1,1,39,-31.4,120.9,4.23,0,3,1,6.2,0
291,2019,1,1,39,-31.4,120.92,4.23,0,3,1,6.2,0
292,2019,1,1,39,-31.4,120.94,4.23,0,3,1,6.32,0
293,2019,1,1,39,-31.4,120.98,4.23,0,3,1,3.78,0
294,2019,1,1,39,-31.4,121.0,4.23,0,3,1,3.52,0
295,2019,1,1,39,-31.42,120.98,4.23,0,3,1,3.78,0
296,2019,1,1,39,-31.42,121.0,4.23,0,3,1,3.52,0
297,2019,1,1,39,-31.44,121.0,4.23,0,3,1,2.89,0
298,2019,1,1,39,-32.38,120.9,4.19,0,3,1,2.44,0
299,2019,1,1,39,-32.56,120.56,4.18,0,2,1,2.87,0
300,2019,1,1,39,-33.8,142.74,4.12,0,3,1,3.09,0
1,2019,1,1,39,39.6,117.96,3.82,0,2,3,0.83,0
2,2019,1,1,39,39.6,117.98,3.82,0,2,3,0.83,0
3,2019,1,1,39,36.9,117.74,3.96,0,1,1,2.7,0
4,2019,1,1,39,34.42,119.84,4.09,0,2,1,3.7,0
5,2019,1,1,39,34.4,119.84,4.09,0,2,1,3.69,0
6,2019,1,1,45,24.2,82.78,4.52,0,1,3,5.62,0
7,2019,1,1,45,24.2,82.8,4.52,0,1,3,5.62,0
8,2019,1,1,45,24.2,82.82,4.52,0,2,3,3.37,0
9,2019,1,1,45,24.18,82.8,4.52,0,1,3,5.62,0
10,2019,1,1,45,24.18,82.82,4.52,0,1,3,5.62,0
11,2019,1,1,45,24.18,82.84,4.52,0,2,3,3.37,0
12,2019,1,1,45,24.18,82.86,4.52,0,2,3,3.38,0
13,2019,1,1,45,24.18,82.88,4.52,0,2,3,3.38,0
14,2019,1,1,45,24.12,81.24,4.52,0,1,3,4.83,0
15,2019,1,1,45,24.06,80.94,4.53,0,1,3,4.4,0
16,2019,1,1,45,24.06,80.96,4.53,0,1,3,4.4,0
17,2019,1,1,45,23.82,86.76,4.53,0,2,3,3.27,0
18,2019,1,1,45,23.82,86.78,4.53,0,2,3,3.27,0
19,2019,1,1,45,23.8,86.28,4.54,0,1,1,3.61,0
20,2019,1,1,45,23.8,86.3,4.54,0,1,1,3.61,0
21,2019,1,1,45,23.8,86.32,4.54,0,1,1,3.61,0
22,2019,1,1,45,23.8,86.34,4.54,0,2,1,2.3,0
23,2019,1,1,45,23.8,86.36,4.54,0,2,1,2.3,0
24,2019,1,1,45,23.78,86.34,4.54,0,2,1,5.69,0
25,2019,1,1,45,23.78,86.36,4.54,0,2,1,5.69,0
26,2019,1,1,45,23.78,86.38,4.54,0,2,1,5.69,0
27,2019,1,1,45,23.78,86.4,4.54,0,1,1,4.22,0
28,2019,1,1,45,23.78,86.42,4.54,0,1,1,4.22,0
29,2019,1,1,45,23.76,85.74,4.54,0,1,3,4.6,0
30,2019,1,1,45,23.76,86.36,4.54,0,2,1,2.6,0
31,2019,1,1,45,23.76,86.38,4.54,0,2,1,2.6,0
32,2019,1,1,45,23.76,86.4,4.54,0,2,1,2.6,0
33,2019,1,1,45,23.74,85.76,4.54,0,1,3,5.4,0
34,2019,1,1,45,23.74,85.78,4.54,0,1,3,5.4,0
35,2019,1,1,45,23.74,89.86,4.54,0,1,3,2.88,0
36,2019,1,1,45,23.72,89.88,4.54,0,2,3,2.86,0
37,2019,1,1,45,23.72,89.9,4.54,0,2,3,2.86,0
38,2019,1,1,45,23.7,86.68,4.54,0,2,3,2.19,0
39,2019,1,1,45,23.7,86.7,4.54,0,2,1,2.2,0
40,2019,1,1,45,22.06,88.1,4.59,0,2,3,1.9,0
41,2019,1,1,45,22.06,88.12,4.59,0,2,3,1.9,0
42,2019,1,1,45,21.56,95.1,4.61,0,2,1,0.83,0
43,2019,1,1,45,21.56,95.12,4.61,0,2,1,0.83,0
44,2019,1,1,45,21.34,86.24,4.62,0,2,3,2.72,0
45,2019,1,1,45,21.34,86.26,4.62,0,2,1,2.72,0
46,2019,1,1,45,21.34,86.28,4.62,0,2,1,2.72,0
47,2019,1,1,45,21.22,81.34,4.62,0,2,1,1.64,0
48,2019,1,1,45,21.22,81.36,4.62,0,2,1,1.65,0
49,2019,1,1,45,21.2,81.36,4.62,0,2,1,1.65,0
50,2019,1,1,45,20.96,85.12,4.63,0,2,1,2.55,0
51,2019,1,1,45,20.96,85.14,4.63,0,2,1,2.55,0
52,2019,1,1,45,20.96,85.16,4.63,0,2,1,2.55,0
53,2019,1,1,45,20.96,85.18,4.63,0,2,1,3.78,0
54,2019,1,1,45,20.96,85.2,4.63,0,2,1,3.78,0
55,2019,1,1,45,20.94,82.96,4.63,0,2,1,2.12,0
56,2019,1,1,45,20.92,82.96,4.63,0,2,1,2.13,0
57,2019,1,1,45,20.92,82.98,4.63,0,2,3,2.13,0
58,2019,1,1,45,20.7,81.16,4.64,0,1,3,2.91,0
59,2019,1,1,45,20.7,81.18,4.64,0,1,3,2.91,0
60,2019,1,1,45,20.7,81.2,4.64,0,1,3,2.92,0
61,2019,1,1,45,20.52,81.64,4.64,0,1,3,4.36,0
62,2019,1,1,45,20.52,81.66,4.64,0,1,3,4.39,0
63,2019,1,1,45,20.52,81.68,4.64,0,1,3,4.39,0
64,2019,1,1,45,19.32,82.82,4.68,0,2,3,1.66,0
65,2019,1,1,45,19.32,82.84,4.68,0,2,3,1.66,0
66,2019,1,1,45,19.3,82.86,4.68,0,2,3,2.26,0
67,2019,1,1,45,18.78,82.62,4.69,0,1,3,3.77,0
68,2019,1,1,45,18.76,82.64,4.69,0,1,3,4.28,0
69,2019,1,1,45,18.76,82.66,4.69,0,1,3,4.28,0
70,2019,1,1,45,17.32,82.04,4.73,0,1,3,7.43,0
71,2019,1,1,45,17.32,82.06,4.73,0,1,3,7.47,0
72,2019,1,1,45,17.32,82.08,4.73,0,1,3,7.47,0
73,2019,1,1,45,-3.38,135.5,4.95,0,3,1,2.38,0
74,2019,1,1,45,-14.0,127.38,4.81,0,2,3,39.7,0
75,2019,1,1,45,-14.02,127.36,4.81,0,2,3,26.68,0
76,2019,1,1,45,-14.28,127.44,4.8,0,2,3,18.76,0
77,2019,1,1,45,-15.16,129.86,4.78,0,2,3,9.07,0
78,2019,1,1,45,-15.84,129.26,4.77,0,3,3,2.48,0
79,2019,1,1,45,-16.24,132.28,4.76,0,2,3,4.31,0
80,2019,1,1,45,-17.76,143.5,4.72,0,3,3,4.27,0
81,2019,1,1,45,-17.76,143.52,4.72,0,3,3,3.38,0
82,2019,1,1,45,-17.96,129.28,4.72,0,3,3,3.07,0
83,2019,1,1,45,-17.98,129.28,4.71,0,3,3,3.05,0
84,2019,1,1,45,-17.98,129.3,4.71,0,3,3,2.93,0
85,2019,1,1,45,-18.06,129.68,4.71,0,2,3,4.13,0
86,2019,1,1,45,-18.06,129.7,4.71,0,2,1,4.3,0
87,2019,1,1,45,-18.88,142.36,4.69,0,3,3,3.22,0
88,2019,1,1,45,-18.94,128.38,4.69,0,3,3,4.43,0
89,2019,1,1,45,-18.96,141.74,4.69,0,3,1,2.98,0
90,2019,1,1,45,-18.98,141.42,4.69,0,2,5,13.89,0
91,2019,1,1,45,-18.98,141.72,4.69,0,3,1,2.51,0
92,2019,1,1,45,-19.22,143.78,4.68,0,2,5,33.13,0
93,2019,1,1,45,-19.22,143.8,4.68,0,2,5,30.92,0
94,2019,1,1,45,-19.24,143.78,4.68,0,2,5,27.49,0
95,2019,1,1,45,-19.24,143.8,4.68,0,2,3,12.98,0
96,2019,1,1,45,-19.3,142.14,4.68,0,2,5,33.84,0
97,2019,1,1,45,-19.3,142.16,4.68,0,2,5,58.5,0
98,2019,1,1,45,-19.3,142.18,4.68,0,1,3,43.21,0
99,2019,1,1,45,-19.4,143.6,4.68,0,2,5,25.79,0
100,2019,1,1,45,-19.56,129.18,4.67,0,3,3,4.25,0
101,2019,1,1,45,-19.58,129.18,4.67,0,3,3,4.89,0
102,2019,1,1,45,-21.46,125.24,4.61,0,2,3,15.0,0
103,2019,1,1,45,-21.48,125.24,4.61,0,2,3,15.0,0
104,2019,1,1,45,-21.48,125.26,4.61,0,2,3,20.81,0
105,2019,1,1,45,-21.5,125.24,4.61,0,3,3,11.09,0
106,2019,1,1,45,-21.5,125.26,4.61,0,2,3,20.81,0
107,2019,1,1,45,-21.52,130.68,4.61,0,3,5,33.35,0
108,2019,1,1,45,-21.52,130.7,4.61,0,2,3,25.61,0
109,2019,1,1,45,-21.54,130.68,4.61,0,2,3,29.77,0
110,2019,1,1,45,-21.78,128.98,4.6,0,2,5,18.93,0
111,2019,1,1,45,-21.8,125.62,4.6,0,2,5,27.81,0
112,2019,1,1,45,-21.8,128.96,4.6,0,2,5,20.02,0
113,2019,1,1,45,-21.82,128.96,4.6,0,2,3,11.84,0
114,2019,1,1,45,-22.06,134.92,4.59,0,3,1,3.4,0
115,2019,1,1,45,-22.08,134.92,4.59,0,3,3,3.67,0
116,2019,1,1,45,-22.1,134.46,4.59,0,3,1,4.62,0
117,2019,1,1,45,-22.12,134.46,4.59,0,3,1,4.62,0
118,2019,1,1,45,-22.46,131.98,4.58,0,3,3,3.94,0
119,2019,1,1,45,-22.48,131.98,4.58,0,3,3,4.75,0
120,2019,1,1,45,-22.48,132.0,4.58,0,2,1,5.23,0
121,2019,1,1,45,-22.5,132.0,4.58,0,3,3,4.4,0
122,2019,1,1,45,-22.56,126.64,4.58,0,2,3,11.15,0
123,2019,1,1,45,-22.56,126.66,4.58,0,2,3,14.39,0
124,2019,1,1,45,-22.6,125.86,4.58,0,2,3,26.09,0
125,2019,1,1,45,-22.66,125.5,4.57,0,2,5,27.78,0
126,2019,1,1,45,-22.68,125.5,4.57,0,2,5,42.72,0
127,2019,1,1,45,-22.68,125.52,4.57,0,2,3,14.73,0
128,2019,1,1,45,-23.18,125.2,4.56,0,2,3,18.82,0
129,2019,1,1,45,-23.26,130.06,4.55,0,2,3,8.72,0
130,2019,1,1,45,-23.34,129.96,4.55,0,2,3,10.01,0
131,2019,1,1,45,-23.34,129.98,4.55,0,2,5,17.32,0
132,2019,1,1,45,-23.36,129.96,4.55,0,2,1,7.31,0
133,2019,1,1,45,-23.36,129.98,4.55,0,2,5,14.39,0
134,2019,1,1,45,-23.54,119.42,4.54,0,2,3,3.2,0
135,2019,1,1,51,-23.74,129.78,4.54,0,2,5,13.33,0
136,2019,1,1,51,-23.74,129.8,4.54,0,2,5,31.45,0
137,2019,1,1,51,-23.74,129.82,4.54,0,2,3,13.29,0
138,2019,1,1,51,-23.76,121.62,4.54,0,2,5,39.44,0
139,2019,1,1,51,-23.76,121.64,4.54,0,2,3,23.68,0
140,2019,1,1,51,-23.76,129.78,4.54,0,2,3,7.7,0
141,2019,1,1,51,-23.76,129.8,4.54,0,2,5,16.42,0
142,2019,1,1,51,-23.78,121.62,4.54,0,2,5,32.31,0
143,2019,1,1,51,-23.78,121.64,4.54,0,2,5,28.41,0
144,2019,1,1,51,-23.98,130.66,4.53,0,2,3,8.33,0
145,2019,1,1,51,-24.0,130.66,4.53,0,2,3,8.33,0
146,2019,1,1,51,-24.02,130.64,4.53,0,2,3,7.43,0
147,2019,1,1,51,-24.02,130.66,4.53,0,2,5,18.65,0
148,2019,1,1,51,-24.02,130.68,4.53,0,1,3,30.03,0
149,2019,1,1,51,-24.04,130.64,4.53,0,2,3,4.87,0
150,2019,1,1,51,-24.04,130.66,4.53,0,2,5,25.23,0
151,2019,1,1,51,-24.04,130.68,4.53,0,2,5,25.23,0
152,2019,1,1,51,-24.04,130.7,4.53,0,2,5,11.95,0
153,2019,1,1,51,-24.06,130.66,4.53,0,1,5,49.99,0
154,2019,1,1,51,-24.06,130.68,4.53,0,2,5,25.54,0
155,2019,1,1,51,-24.06,130.7,4.53,0,2,5,19.93,0
156,2019,1,1,51,-24.08,130.68,4.53,0,2,5,15.1,0
157,2019,1,1,51,-24.08,130.7,4.53,0,2,5,37.73,0
158,2019,1,1,51,-24.08,130.72,4.53,0,2,5,9.59,0
159,2019,1,1,51,-24.1,130.52,4.52,0,3,5,19.94,0
160,2019,1,1,51,-24.1,130.54,4.52,0,2,5,22.68,0
161,2019,1,1,51,-24.1,130.7,4.52,0,2,3,7.48,0
162,2019,1,1,51,-24.1,130.74,4.52,0,2,5,14.86,0
163,2019,1,1,51,-24.12,130.5,4.52,0,2,3,4.87,0
164,2019,1,1,51,-24.12,130.52,4.52,0,2,5,23.93,0
165,2019,1,1,51,-24.12,130.54,4.52,0,2,5,41.39,0
166,2019,1,1,51,-24.12,130.56,4.52,0,2,5,72.52,0
167,2019,1,1,51,-24.12,130.58,4.52,0,1,5,45.91,0
168,2019,1,1,51,-24.12,130.62,4.52,0,2,3,6.26,0
169,2019,1,1,51,-24.12,130.74,4.52,0,2,5,10.1,0
170,2019,1,1,51,-24.12,130.76,4.52,0,2,3,7.45,0
171,2019,1,1,51,-24.14,130.54,4.52,0,2,3,8.31,0
172,2019,1,1,51,-24.14,130.56,4.52,0,2,5,52.11,0
173,2019,1,1,51,-24.14,130.58,4.52,0,2,5,35.82,0
174,2019,1,1,51,-24.14,130.66,4.52,0,3,1,4.38,0
175,2019,1,1,51,-24.16,130.58,4.52,0,2,5,22.81,0
176,2019,1,1,51,-24.16,130.6,4.52,0,2,5,75.46,0
177,2019,1,1,51,-24.16,130.62,4.52,0,2,5,30.94,0
178,2019,1,1,51,-24.16,130.66,4.52,0,3,1,4.27,0
179,2019,1,1,51,-24.16,130.7,4.52,0,2,1,4.06,0
180,2019,1,1,51,-24.16,130.74,4.52,0,2,3,4.92,0
181,2019,1,1,51,-24.16,130.8,4.52,0,2,3,4.61,0
182,2019,1,1,51,-24.18,130.58,4.52,0,2,5,11.64,0
183,2019,1,1,51,-24.18,130.6,4.52,0,2,5,48.48,0
184,2019,1,1,51,-24.18,130.62,4.52,0,2,5,19.32,0
185,2019,1,1,51,-24.18,130.64,4.52,0,3,3,5.54,0
186,2019,1,1,51,-24.18,130.66,4.52,0,3,3,5.81,0
187,2019,1,1,51,-24.18,130.7,4.52,0,2,3,4.5,0
188,2019,1,1,51,-24.18,130.72,4.52,0,3,3,3.92,0
189,2019,1,1,51,-24.18,130.74,4.52,0,2,3,6.12,0
190,2019,1,1,51,-24.18,130.76,4.52,0,2,3,5.12,0
191,2019,1,1,51,-24.18,130.78,4.52,0,2,3,3.33,0
192,2019,1,1,51,-24.18,130.8,4.52,0,3,5,5.84,0
193,2019,1,1,51,-24.18,130.82,4.52,0,2,5,9.26,0
194,2019,1,1,51,-24.2,130.64,4.52,0,2,5,30.93,0
195,2019,1,1,51,-24.2,130.66,4.52,0,2,5,28.06,0
196,2019,1,1,51,-24.2,130.68,4.52,0,2,5,9.54,0
197,2019,1,1,51,-24.2,130.74,4.52,0,2,5,17.84,0
198,2019,1,1,51,-24.2,130.76,4.52,0,1,3,11.9,0
199,2019,1,1,51,-24.2,130.8,4.52,0,3,3,5.32,0
200,2019,1,1,51,-24.2,130.82,4.52,0,2,5,8.75,0
201,2019,1,1,51,-24.22,130.74,4.52,0,3,3,3.87,0
202,2019,1,1,51,-24.22,130.8,4.52,0,3,1,3.13,0
203,2019,1,1,51,-24.4,148.18,4.51,0,2,5,35.72,0
204,2019,1,1,51,-24.4,148.2,4.51,0,2,5,72.46,0
205,2019,1,1,51,-24.4,148.22,4.51,0,2,5,27.01,0
206,2019,1,1,51,-24.42,148.2,4.51,0,1,5,132.1,0
207,2019,1,1,51,-24.42,148.22,4.51,0,2,5,54.06,0
208,2019,1,1,51,-24.44,148.2,4.51,0,2,5,59.87,0
209,2019,1,1,51,-24.44,148.22,4.51,0,1,5,210.73,0
210,2019,1,1,51,-24.46,148.26,4.51,0,2,3,12.69,0
211,2019,1,1,51,-24.46,148.28,4.51,0,3,3,13.8,0
212,2019,1,1,51,-24.48,148.26,4.51,0,2,5,194.53,0
213,2019,1,1,51,-24.48,148.28,4.51,0,2,5,294.08,0
214,2019,1,1,51,-24.5,148.22,4.51,0,2,3,19.52,0
215,2019,1,1,51,-24.5,148.26,4.51,0,2,5,73.35,0
216,2019,1,1,51,-24.5,148.28,4.51,0,2,5,176.03,0
217,2019,1,1,51,-24.5,148.3,4.51,0,2,5,31.44,0
218,2019,1,1,51,-24.52,148.26,4.51,0,2,5,39.29,0
219,2019,1,1,51,-24.52,148.28,4.51,0,2,5,97.34,0
220,2019,1,1,51,-24.52,148.3,4.51,0,2,3,22.71,0
221,2019,1,1,51,-24.54,148.28,4.51,0,2,1,12.63,0
222,2019,1,1,51,-24.66,148.08,4.5,0,1,3,46.66,0
223,2019,1,1,51,-24.92,126.92,4.5,0,2,5,13.71,0
224,2019,1,1,51,-24.92,126.94,4.5,0,2,5,39.96,0
225,2019,1,1,51,-24.92,126.96,4.5,0,2,5,34.54,0
226,2019,1,1,51,-24.92,148.4,4.5,0,1,5,102.5,0
227,2019,1,1,51,-24.94,126.92,4.49,0,2,5,100.7,0
228,2019,1,1,51,-24.94,126.94,4.49,0,2,5,187.06,0
229,2019,1,1,51,-24.94,126.96,4.49,0,2,5,52.96,0
230,2019,1,1,51,-24.96,126.62,4.49,0,2,3,6.82,0
231,2019,1,1,51,-24.96,126.64,4.49,0,2,5,13.65,0
232,2019,1,1,51,-24.96,126.66,4.49,0,2,5,17.91,0
233,2019,1,1,51,-24.96,126.68,4.49,0,2,5,16.14,0
234,2019,1,1,51,-24.96,126.7,4.49,0,2,3,7.57,0
235,2019,1,1,51,-24.96,126.8,4.49,0,3,1,3.94,0
236,2019,1,1,51,-24.96,126.9,4.49,0,2,5,15.97,0
237,2019,1,1,51,-24.96,126.92,4.49,0,2,5,136.37,0
238,2019,1,1,51,-24.96,126.94,4.49,0,2,5,144.61,0
239,2019,1,1,51,-24.98,126.62,4.49,0,2,3,8.55,0
240,2019,1,1,51,-24.98,126.64,4.49,0,1,3,27.42,0
241,2019,1,1,51,-24.98,126.68,4.49,0,2,1,8.5,0
242,2019,1,1,51,-24.98,126.7,4.49,0,2,5,16.35,0
243,2019,1,1,51,-24.98,126.72,4.49,0,2,5,15.67,0
244,2019,1,1,51,-24.98,126.78,4.49,0,3,3,3.85,0
245,2019,1,1,51,-24.98,126.8,4.49,0,3,3,3.85,0
246,2019,1,1,51,-25.0,126.72,4.49,0,2,3,15.88,0
247,2019,1,1,51,-25.14,147.58,4.49,0,2,3,16.64,0
248,2019,1,1,51,-25.14,147.64,4.49,0,1,3,30.39,0
249,2019,1,1,51,-25.18,147.58,4.49,0,2,5,24.31,0
250,2019,1,1,51,-25.2,149.12,4.48,0,2,1,17.65,0
251,2019,1,1,51,-25.68,128.66,4.47,0,2,3,10.06,0
252,2019,1,1,51,-25.7,128.66,4.47,0,2,3,10.06,0
253,2019,1,1,51,-25.76,132.12,4.46,0,2,3,2.88,0
254,2019,1,1,51,-25.92,130.1,4.46,0,3,3,3.26,0
255,2019,1,1,51,-25.94,130.1,4.46,0,3,3,3.06,0
256,2019,1,1,51,-26.02,130.22,4.45,0,3,3,4.41,0
257,2019,1,1,51,-26.06,129.82,4.45,0,3,3,4.98,0
258,2019,1,1,51,-26.08,131.16,4.45,0,2,1,4.36,0
259,2019,1,1,51,-26.1,131.14,4.45,0,2,3,5.7,0
260,2019,1,1,51,-26.12,131.12,4.45,0,2,3,10.97,0
261,2019,1,1,51,-26.12,131.14,4.45,0,2,3,4.78,0
262,2019,1,1,51,-26.14,131.12,4.45,0,2,3,6.09,0
263,2019,1,1,51,-26.18,130.3,4.45,0,2,3,4.71,0
264,2019,1,1,51,-26.18,131.1,4.45,0,2,3,5.93,0
265,2019,1,1,51,-26.3,130.32,4.44,0,1,3,19.28,0
266,2019,1,1,51,-26.34,120.82,4.44,0,2,1,2.28,0
267,2019,1,1,51,-26.34,120.84,4.44,0,3,1,2.34,0
268,2019,1,1,51,-26.54,126.18,4.43,0,3,1,6.88,0
269,2019,1,1,51,-26.62,119.38,4.43,0,3,3,4.08,0
270,2019,1,1,51,-26.62,119.4,4.43,0,3,3,3.06,0
271,2019,1,1,51,-26.64,119.4,4.43,0,3,3,2.83,0
272,2019,1,1,51,-26.64,119.8,4.43,0,3,3,4.4,0
273,2019,1,1,51,-26.66,119.8,4.43,0,3,3,4.4,0
274,2019,1,1,51,-27.48,122.84,4.4,0,2,5,15.26,0
275,2019,1,1,51,-27.5,122.84,4.4,0,2,5,27.93,0
276,2019,1,1,51,-27.68,120.3,4.39,0,2,3,12.13,0
277,2019,1,1,51,-27.7,120.32,4.39,0,1,1,22.99,0
278,2019,1,1,51,-27.96,122.9,4.38,0,3,3,2.19,0
279,2019,1,1,51,-28.16,124.92,4.37,0,3,1,2.99,0
280,2019,1,1,51,-28.18,124.96,4.37,0,3,3,3.48,0
281,2019,1,1,51,-28.32,118.58,4.36,0,2,3,3.07,0
282,2019,1,1,51,-28.34,118.56,4.36,0,2,3,5.64,0
283,2019,1,1,51,-28.34,118.58,4.36,0,2,3,5.64,0
284,2019,1,1,51,-28.56,121.78,4.35,0,3,1,2.55,0
285,2019,1,1,51,-28.58,121.76,4.35,0,3,1,2.46,0
286,2019,1,1,51,-28.74,116.48,4.35,0,3,1,1.94,0
287,2019,1,1,51,-29.02,127.16,4.33,0,3,3,2.96,0
288,2019,1,1,51,-29.02,127.18,4.33,0,3,3,2.38,0
289,2019,1,1,51,-29.06,118.14,4.33,0,2,3,5.71,0
290,2019,1,1,51,-29.16,123.1,4.33,0,3,1,2.65,0
291,2019,1,1,51,-29.18,123.1,4.33,0,3,1,2.65,0
292,2019,1,1,51,-29.42,117.28,4.32,0,3,3,2.57,0
293,2019,1,1,51,-29.96,131.38,4.29,0,2,1,5.9,0
294,2019,1,1,51,-31.26,130.18,4.24,0,2,3,5.39,0
295,2019,1,1,51,-31.26,130.2,4.24,0,2,3,9.33,0
296,2019,1,1,51,-31.36,120.18,4.23,0,2,3,4.33,0
297,2019,1,1,51,-31.36,120.92,4.23,0,3,1,4.76,0
298,2019,1,1,51,-31.38,120.18,4.23,0,2,3,4.33,0
299,2019,1,1,51,-31.38,120.9,4.23,0,3,1,4.13,0
300,2019,1,1,51,-31.38,120.92,4.23,0,3,1,5.5,0
301,2019,1,1,51,-31.38,120.94,4.23,0,3,1,5.48,0
302,2019,1,1,51,-31.4,120.18,4.23,0,2,3,1.59,0
303,2019,1,1,51,-31.4,120.88,4.23,0,3,1,4.13,0
304,2019,1,1,51,-31.4,120.9,4.23,0,3,1,5.5,0
305,2019,1,1,51,-31.4,120.92,4.23,0,3,1,5.5,0
306,2019,1,1,51,-31.4,120.94,4.23,0,3,1,5.48,0
307,2019,1,1,51,-31.72,131.98,4.22,0,3,1,3.0,0
308,2019,1,1,51,-31.74,132.0,4.22,0,3,3,3.34,0
309,2019,1,1,51,-32.2,126.8,4.19,0,3,1,1.17,0
310,2019,1,1,51,-32.4,120.88,4.18,0,3,1,2.63,0
311,2019,1,1,51,-32.4,120.9,4.18,0,3,3,2.63,0
312,2019,1,1,51,-32.56,120.56,4.18,0,2,1,4.7,0
313,2019,1,1,51,-32.64,135.44,4.17,0,3,1,3.34,0
314,2019,1,1,51,-33.78,142.72,4.12,0,3,3,3.93,0
315,2019,1,1,51,-33.8,142.74,4.12,0,3,1,2.88,0
316,2019,1,1,51,-34.46,150.86,4.09,0,2,1,7.87,0
317,2019,1,1,51,-37.68,149.32,3.92,0,3,3,2.8,0
1,2019,1,1,51,39.76,118.1,3.81,0,3,1,0.52,0
2,2019,1,1,51,34.42,119.84,4.09,0,2,1,2.17,0
3,2019,1,1,51,34.4,119.84,4.09,0,2,1,2.17,0
4,2019,1,1,51,24.14,81.12,4.52,0,2,1,2.78,0
5,2019,1,1,51,24.14,81.14,4.52,0,2,1,1.97,0
6,2019,1,1,51,24.14,81.16,4.52,0,1,1,1.99,0
7,2019,1,1,51,24.12,81.1,4.52,0,1,3,3.48,0
8,2019,1,1,51,24.12,81.12,4.52,0,1,3,3.48,0
9,2019,1,1,51,24.12,81.24,4.52,0,1,3,4.96,0
10,2019,1,1,51,23.8,86.28,4.54,0,1,1,6.48,0
11,2019,1,1,51,23.8,86.3,4.54,0,1,1,5.96,0
12,2019,1,1,51,23.8,86.32,4.54,0,1,1,5.99,0
13,2019,1,1,51,23.8,86.34,4.54,0,2,1,3.0,0
14,2019,1,1,51,23.8,86.36,4.54,0,2,1,3.0,0
15,2019,1,1,51,23.78,86.34,4.54,0,2,1,4.62,0
16,2019,1,1,51,23.78,86.36,4.54,0,2,1,4.62,0
17,2019,1,1,51,23.78,86.38,4.54,0,2,1,4.62,0
18,2019,1,1,51,23.78,86.4,4.54,0,2,1,4.94,0
19,2019,1,1,51,23.78,86.42,4.54,0,2,1,4.94,0
20,2019,1,1,51,23.76,86.36,4.54,0,2,1,2.06,0
21,2019,1,1,51,23.76,86.38,4.54,0,2,1,2.06,0
22,2019,1,1,51,23.76,86.4,4.54,0,2,1,2.07,0
23,2019,1,1,51,23.76,86.42,4.54,0,2,1,4.16,0
24,2019,1,1,51,23.76,86.44,4.54,0,2,1,4.16,0
25,2019,1,1,51,23.7,86.68,4.54,0,1,3,3.96,0
26,2019,1,1,51,23.7,86.7,4.54,0,1,3,3.96,0
27,2019,1,1,51,22.78,86.2,4.57,0,2,1,3.16,0
28,2019,1,1,51,22.78,86.22,4.57,0,2,1,3.16,0
29,2019,1,1,51,21.98,94.04,4.6,0,2,3,2.92,0
30,2019,1,1,51,21.52,83.74,4.61,0,2,3,2.82,0
31,2019,1,1,51,21.52,83.76,4.61,0,2,1,2.82,0
32,2019,1,1,51,21.5,83.78,4.61,0,2,1,2.93,0
33,2019,1,1,51,21.4,81.62,4.61,0,2,3,1.71,0
34,2019,1,1,51,21.38,81.62,4.62,0,2,3,1.71,0
35,2019,1,1,51,21.38,81.64,4.62,0,2,3,1.72,0
36,2019,1,1,51,21.32,85.0,4.62,0,1,3,8.53,0
37,2019,1,1,51,21.32,85.02,4.62,0,1,3,8.53,0
38,2019,1,1,51,21.32,85.06,4.62,0,1,1,5.28,0
39,2019,1,1,51,21.32,85.08,4.62,0,1,3,5.29,0
40,2019,1,1,51,21.3,85.02,4.62,0,1,3,5.64,0
41,2019,1,1,51,21.3,85.04,4.62,0,1,3,5.64,0
42,2019,1,1,51,21.22,81.34,4.62,0,1,1,1.74,0
43,2019,1,1,51,21.22,81.36,4.62,0,1,1,1.74,0
44,2019,1,1,51,20.96,85.18,4.63,0,2,1,3.8,0
45,2019,1,1,51,20.96,85.2,4.63,0,2,1,3.8,0
46,2019,1,1,51,20.7,81.16,4.64,0,2,1,2.46,0
47,2019,1,1,51,20.7,81.18,4.64,0,2,3,2.47,0
48,2019,1,1,51,20.7,81.2,4.64,0,2,3,2.47,0
49,2019,1,1,51,20.62,81.56,4.64,0,1,1,2.82,0
50,2019,1,1,51,20.62,81.58,4.64,0,1,1,2.83,0
51,2019,1,1,51,20.6,81.6,4.64,0,1,1,3.12,0
52,2019,1,1,51,20.22,82.1,4.65,0,2,1,1.86,0
53,2019,1,1,56,18.16,82.1,4.71,0,1,3,3.93,0
54,2019,1,1,56,18.16,82.12,4.71,0,1,3,3.94,0
55,2019,1,1,56,18.16,82.14,4.71,0,1,3,3.96,0
56,2019,1,1,56,-3.38,135.5,4.95,0,3,1,2.6,0
57,2019,1,1,56,-4.54,136.88,4.94,0,2,1,4.34,0
58,2019,1,1,56,-4.56,136.88,4.94,0,2,1,4.49,0
59,2019,1,1,56,-14.0,127.38,4.81,0,2,3,36.41,0
60,2019,1,1,56,-14.02,127.38,4.81,0,2,3,35.57,0
61,2019,1,1,56,-15.16,129.86,4.78,0,2,3,6.14,0
62,2019,1,1,56,-15.16,129.88,4.78,0,2,1,9.05,0
63,2019,1,1,56,-15.84,129.26,4.77,0,3,3,2.89,0
64,2019,1,1,56,-16.24,132.28,4.76,0,2,1,3.25,0
65,2019,1,1,56,-16.24,132.3,4.76,0,2,3,3.52,0
66,2019,1,1,56,-17.76,143.5,4.72,0,3,3,4.28,0
67,2019,1,1,56,-17.76,143.52,4.72,0,3,1,3.51,0
68,2019,1,1,56,-17.9,141.52,4.72,0,3,1,2.38,0
69,2019,1,1,56,-17.96,129.28,4.72,0,3,3,3.3,0
70,2019,1,1,56,-17.98,129.28,4.71,0,3,3,3.08,0
71,2019,1,1,56,-17.98,129.3,4.71,0,3,3,3.33,0
72,2019,1,1,56,-18.06,129.68,4.71,0,3,1,4.11,0
73,2019,1,1,56,-18.94,128.38,4.69,0,3,3,5.11,0
74,2019,1,1,56,-18.96,141.74,4.69,0,3,3,3.33,0
75,2019,1,1,56,-18.98,141.42,4.69,0,2,5,18.74,0
76,2019,1,1,56,-18.98,141.72,4.69,0,3,1,3.48,0
77,2019,1,1,56,-18.98,141.74,4.69,0,3,1,3.04,0
78,2019,1,1,56,-19.22,143.78,4.68,0,2,5,22.93,0
79,2019,1,1,56,-19.22,143.8,4.68,0,2,5,36.52,0
80,2019,1,1,56,-19.24,143.78,4.68,0,2,5,17.44,0
81,2019,1,1,56,-19.24,143.8,4.68,0,2,5,22.32,0
82,2019,1,1,56,-19.3,142.16,4.68,0,2,5,52.86,0
83,2019,1,1,56,-19.32,142.16,4.68,0,2,5,16.92,0
84,2019,1,1,56,-19.4,143.6,4.68,0,2,1,12.88,0
85,2019,1,1,56,-19.56,129.18,4.67,0,3,1,4.43,0
86,2019,1,1,56,-19.58,129.18,4.67,0,2,3,5.44,0
87,2019,1,1,56,-19.58,143.46,4.67,0,2,3,8.72,0
88,2019,1,1,56,-19.64,143.94,4.67,0,1,3,44.07,0
89,2019,1,1,56,-19.66,143.94,4.67,0,1,5,57.84,0
90,2019,1,1,56,-19.72,143.9,4.67,0,1,3,42.04,0
91,2019,1,1,56,-21.16,134.44,4.62,0,3,3,3.88,0
92,2019,1,1,56,-21.5,130.78,4.61,0,2,5,30.59,0
93,2019,1,1,56,-21.52,130.68,4.61,0,2,1,18.59,0
94,2019,1,1,56,-21.8,125.62,4.6,0,2,5,23.22,0
95,2019,1,1,56,-21.8,125.64,4.6,0,2,3,13.02,0
96,2019,1,1,56,-21.8,128.96,4.6,0,2,3,26.06,0
97,2019,1,1,56,-22.46,131.98,4.58,0,3,1,3.88,0
98,2019,1,1,56,-22.48,131.98,4.58,0,3,1,4.16,0
99,2019,1,1,56,-22.48,132.0,4.58,0,3,1,5.44,0
100,2019,1,1,56,-22.5,132.0,4.58,0,3,3,4.74,0
101,2019,1,1,56,-22.56,126.66,4.58,0,2,3,23.01,0
102,2019,1,1,56,-22.58,125.88,4.58,0,2,3,39.91,0
103,2019,1,1,56,-22.58,125.9,4.58,0,2,5,35.84,0
104,2019,1,1,56,-22.6,125.86,4.58,0,2,5,41.59,0
105,2019,1,1,56,-22.6,125.88,4.58,0,2,3,46.32,0
106,2019,1,1,56,-22.66,125.5,4.57,0,2,3,10.77,0
107,2019,1,1,56,-22.68,125.52,4.57,0,2,3,18.66,0
108,2019,1,1,56,-22.7,125.52,4.57,0,2,3,21.76,0
109,2019,1,1,56,-23.3,124.96,4.55,0,3,1,9.29,0
110,2019,1,1,56,-23.3,124.98,4.55,0,2,1,12.67,0
111,2019,1,1,56,-23.34,129.96,4.55,0,3,5,42.6,0
112,2019,1,1,56,-23.34,129.98,4.55,0,2,5,64.72,0
113,2019,1,1,56,-23.36,129.96,4.55,0,2,5,67.01,0
114,2019,1,1,56,-23.36,129.98,4.55,0,2,5,146.28,0
115,2019,1,1,56,-23.54,119.42,4.54,0,2,1,3.15,0
116,2019,1,1,56,-23.68,129.88,4.54,0,2,3,6.14,0
117,2019,1,1,56,-23.7,129.88,4.54,0,2,5,12.31,0
118,2019,1,1,56,-23.72,129.8,4.54,0,3,3,6.34,0
119,2019,1,1,56,-23.72,129.88,4.54,0,2,5,12.31,0
120,2019,1,1,56,-23.74,129.78,4.54,0,2,5,21.36,0
121,2019,1,1,56,-23.74,129.8,4.54,0,2,5,42.94,0
122,2019,1,1,56,-23.74,129.82,4.54,0,2,3,10.77,0
123,2019,1,1,56,-23.76,121.64,4.54,0,1,3,58.77,0
124,2019,1,1,56,-23.76,129.78,4.54,0,3,5,11.93,0
125,2019,1,1,56,-23.76,129.8,4.54,0,2,5,18.59,0
126,2019,1,1,56,-23.78,121.62,4.54,0,2,3,15.49,0
127,2019,1,1,56,-23.78,121.64,4.54,0,2,5,37.58,0
128,2019,1,1,56,-23.8,121.14,4.54,0,3,1,3.91,0
129,2019,1,1,56,-24.02,130.66,4.53,0,2,5,27.29,0
130,2019,1,1,56,-24.04,130.66,4.53,0,1,1,55.94,0
131,2019,1,1,56,-24.04,130.68,4.53,0,1,1,55.94,0
132,2019,1,1,56,-24.06,130.68,4.53,0,2,3,16.2,0
133,2019,1,1,56,-24.06,130.7,4.53,0,2,5,29.93,0
134,2019,1,1,56,-24.1,130.54,4.52,0,3,3,10.34,0
135,2019,1,1,56,-24.12,130.54,4.52,0,2,5,39.0,0
136,2019,1,1,56,-24.12,130.56,4.52,0,2,5,42.34,0
137,2019,1,1,56,-24.14,130.56,4.52,0,2,3,22.97,0
138,2019,1,1,56,-24.16,130.6,4.52,0,2,5,39.77,0
139,2019,1,1,56,-24.18,130.6,4.52,0,2,3,33.63,0
140,2019,1,1,56,-24.2,130.66,4.52,0,2,5,55.98,0
141,2019,1,1,56,-24.4,148.2,4.51,0,2,5,83.95,0
142,2019,1,1,56,-24.4,148.22,4.51,0,2,3,27.98,0
143,2019,1,1,56,-24.42,148.2,4.51,0,1,5,75.36,0
144,2019,1,1,56,-24.42,148.22,4.51,0,2,5,56.69,0
145,2019,1,1,56,-24.44,148.2,4.51,0,2,5,29.98,0
146,2019,1,1,56,-24.44,148.22,4.51,0,2,5,129.69,0
147,2019,1,1,56,-24.46,148.26,4.51,0,2,5,29.06,0
148,2019,1,1,56,-24.46,148.28,4.51,0,2,5,53.09,0
149,2019,1,1,56,-24.48,148.26,4.51,0,2,5,122.43,0
150,2019,1,1,56,-24.48,148.28,4.51,0,2,5,328.66,0
151,2019,1,1,56,-24.5,148.26,4.51,0,2,5,67.06,0
152,2019,1,1,56,-24.5,148.28,4.51,0,2,5,168.45,0
153,2019,1,1,56,-24.5,148.3,4.51,0,2,5,40.87,0
154,2019,1,1,56,-24.52,148.26,4.51,0,2,5,53.02,0
155,2019,1,1,56,-24.52,148.28,4.51,0,2,5,138.05,0
156,2019,1,1,56,-24.52,148.3,4.51,0,2,5,44.09,0
157,2019,1,1,56,-24.54,148.28,4.51,0,2,3,21.73,0
158,2019,1,1,56,-24.66,148.08,4.5,0,1,3,37.4,0
159,2019,1,1,56,-24.84,127.3,4.5,0,3,3,2.27,0
160,2019,1,1,56,-24.92,126.92,4.5,0,2,3,9.69,0
161,2019,1,1,56,-24.92,126.94,4.5,0,2,5,31.75,0
162,2019,1,1,56,-24.92,148.4,4.5,0,1,5,157.97,0
163,2019,1,1,56,-24.94,126.92,4.49,0,2,5,113.19,0
164,2019,1,1,56,-24.94,126.94,4.49,0,2,5,130.27,0
165,2019,1,1,56,-24.94,126.96,4.49,0,2,5,73.8,0
166,2019,1,1,56,-24.96,126.62,4.49,0,2,3,6.97,0
167,2019,1,1,56,-24.96,126.64,4.49,0,2,5,14.75,0
168,2019,1,1,56,-24.96,126.66,4.49,0,2,5,26.4,0
169,2019,1,1,56,-24.96,126.68,4.49,0,2,5,15.8,0
170,2019,1,1,56,-24.96,126.7,4.49,0,2,3,14.12,0
171,2019,1,1,56,-24.96,126.78,4.49,0,2,3,10.46,0
172,2019,1,1,56,-24.96,126.8,4.49,0,3,3,4.67,0
173,2019,1,1,56,-24.96,126.92,4.49,0,2,5,146.47,0
174,2019,1,1,56,-24.96,126.94,4.49,0,2,5,131.55,0
175,2019,1,1,56,-24.96,127.0,4.49,0,2,1,2.4,0
176,2019,1,1,56,-24.96,127.02,4.49,0,2,3,3.94,0
177,2019,1,1,56,-24.98,126.64,4.49,0,2,3,16.79,0
178,2019,1,1,56,-24.98,126.66,4.49,0,2,3,10.4,0
179,2019,1,1,56,-24.98,126.68,4.49,0,2,3,6.59,0
180,2019,1,1,56,-24.98,126.78,4.49,0,3,3,3.91,0
181,2019,1,1,56,-24.98,126.8,4.49,0,3,3,3.91,0
182,2019,1,1,56,-24.98,126.82,4.49,0,3,5,7.51,0
183,2019,1,1,56,-24.98,126.98,4.49,0,3,3,3.41,0
184,2019,1,1,56,-24.98,127.0,4.49,0,3,1,2.42,0
185,2019,1,1,56,-25.14,147.58,4.49,0,2,3,14.33,0
186,2019,1,1,56,-25.18,147.58,4.49,0,2,5,15.88,0
187,2019,1,1,56,-25.2,149.1,4.48,0,2,3,30.19,0
188,2019,1,1,56,-25.2,149.12,4.48,0,2,3,30.19,0
189,2019,1,1,56,-25.66,128.66,4.47,0,1,3,14.15,0
190,2019,1,1,56,-25.78,119.4,4.46,0,3,1,3.14,0
191,2019,1,1,56,-26.26,130.38,4.45,0,2,3,7.09,0
192,2019,1,1,56,-26.34,120.82,4.44,0,2,1,2.71,0
193,2019,1,1,56,-26.34,120.84,4.44,0,3,1,2.4,0
194,2019,1,1,56,-26.36,120.86,4.44,0,3,1,2.89,0
195,2019,1,1,56,-27.48,122.84,4.4,0,2,3,7.16,0
196,2019,1,1,56,-27.5,122.84,4.4,0,2,5,22.97,0
197,2019,1,1,56,-27.52,122.82,4.4,0,2,5,10.29,0
198,2019,1,1,56,-27.52,122.84,4.4,0,2,5,10.29,0
199,2019,1,1,56,-27.88,115.3,4.38,0,3,1,2.01,0
200,2019,1,1,56,-27.9,115.3,4.38,0,3,1,2.01,0
201,2019,1,1,56,-29.4,126.6,4.32,0,2,3,5.55,0
202,2019,1,1,56,-29.4,126.62,4.32,0,2,3,5.55,0
203,2019,1,1,56,-29.4,126.64,4.32,0,2,3,8.89,0
204,2019,1,1,56,-29.42,126.6,4.32,0,2,3,5.55,0
205,2019,1,1,56,-29.42,126.62,4.32,0,2,3,8.89,0
206,2019,1,1,56,-29.42,126.64,4.32,0,2,3,8.89,0
207,2019,1,1,56,-29.42,129.58,4.32,0,3,1,3.66,0
208,2019,1,1,56,-29.96,131.38,4.29,0,1,1,12.76,0
209,2019,1,1,56,-29.96,131.4,4.29,0,2,3,3.18,0
210,2019,1,1,56,-29.98,131.4,4.29,0,1,3,18.2,0
211,2019,1,1,56,-30.84,133.06,4.26,0,3,1,3.23,0
212,2019,1,1,56,-30.84,133.08,4.26,0,3,1,3.23,0
213,2019,1,1,56,-30.86,133.06,4.25,0,3,3,3.23,0
214,2019,1,1,56,-31.24,130.2,4.24,0,2,3,2.9,0
215,2019,1,1,56,-31.26,130.18,4.24,0,2,1,5.07,0
216,2019,1,1,56,-31.26,130.2,4.24,0,2,3,6.57,0
217,2019,1,1,56,-31.38,120.9,4.23,0,3,1,4.02,0
218,2019,1,1,56,-31.38,120.92,4.23,0,3,1,5.52,0
219,2019,1,1,56,-31.38,120.94,4.23,0,3,1,5.6,0
220,2019,1,1,56,-31.4,120.88,4.23,0,3,1,4.02,0
221,2019,1,1,56,-31.4,120.9,4.23,0,3,1,5.52,0
222,2019,1,1,56,-31.4,120.92,4.23,0,3,1,5.52,0
223,2019,1,1,56,-31.4,120.94,4.23,0,3,1,5.6,0
224,2019,1,1,56,-31.72,131.98,4.22,0,3,1,3.43,0
225,2019,1,1,56,-31.74,132.0,4.22,0,3,3,3.68,0
226,2019,1,1,56,-31.74,132.02,4.22,0,3,3,4.49,0
227,2019,1,1,56,-31.98,116.26,4.2,0,3,3,1.74,0
228,2019,1,1,56,-32.56,120.56,4.18,0,2,1,3.91,0
229,2019,1,1,56,-32.58,119.66,4.18,0,3,1,3.39,2
230,2019,1,1,56,-32.6,120.54,4.18,0,3,1,4.16,2
231,2019,1,1,56,-32.6,120.56,4.18,0,3,1,4.16,2
232,2019,1,1,56,-32.64,135.44,4.17,0,3,3,3.51,0
233,2019,1,1,56,-33.68,150.2,4.12,0,2,1,6.24,0
234,2019,1,1,56,-33.78,142.72,4.12,0,3,3,4.1,0
235,2019,1,1,56,-33.78,142.74,4.12,0,3,3,3.56,0
236,2019,1,1,56,-33.8,142.74,4.12,0,3,1,4.37,0
237,2019,1,1,56,-34.26,143.98,4.1,0,2,1,13.13,0
238,2019,1,1,56,-34.28,143.98,4.1,0,2,1,13.13,0
239,2019,1,1,56,-37.14,147.82,3.95,0,3,1,5.96,0
240,2019,1,1,56,-37.68,149.32,3.92,0,3,1,2.4,0
